id,text,bucket,toxic,severe_toxic,obscene,threat,insult,identity_hate,score_toxic,score_severe_toxic,score_obscene,score_threat,score_insult,score_identity_hate,annotation_source
civilcomments-15ef2d40135b6ad9a468,Because the Police cannot handle all the crime/theft. Homeowners are taking care of their business themselves. Sorry.,neutral,0,0,0,0,0,0,0.0,0.0,0.0,0.0,0.0,0.0,civil-comments-human-crowd-aggregate
civilcomments-3d8462fd2d442554845d,"Crew member could use more tactful aloha to avoid the situation. Like I'll give you the blanket. no charge, but be discreet about it cause I may lose my job. May save airline and passengers a lot of grief. I weren't there, but since he wasn't arrested it seems it was like an over reaction/ exageration on crews part.",neutral,0,0,0,0,0,0,0.0,0.0,0.0,0.0,0.0,0.0,civil-comments-human-crowd-aggregate
civilcomments-a8268921f99a799622c7,"""And how many of those ""next ten biggest military spending countries"" are our allies?"" Actually quite a few (in USD per No. 3 - Saudi Arabia - $87B No. 5 - UK - $55B No.6 - India - $51B No. 7 - France - $51B No. 8 - Japan - $41B No. 9 - Germany - $39B No.10- South Korea - $36B",neutral,0,0,0,0,0,0,0.0,0.0,0.0,0.0,0.0,0.0,civil-comments-human-crowd-aggregate
civilcomments-af64d565944ba332f861,"No. Our position as Catholics is not to weigh how well our candidate comports with his or her sect, religion, denomination, or philosophy’s beliefs. Our position as Catholics is to promote as well as we can the common good. Abortion is per se contrary to the common good. It is per se contrary to the common good whether either candidate likes it or not, or you like it or not. There is no question that the USCCB wants Catholics to identify with the Gospels and therefore the common good. If you are a Democrat first and Catholic second or third, that presents some problems.",neutral,0,0,0,0,0,0,0.0,0.0,0.0,0.0,0.0,0.0,civil-comments-human-crowd-aggregate
civilcomments-509960a7240c3467debe,Here in southern Az a lake near past mining still has fish in it.....Of coarse no one can eat the damn things because of high mercury/arsnic content! This was from some small mines decades ago. As much as im for free markets....I dont think a multinational corp. should be involved period. Had a chance to visit Alaska last fall with the wife and kids. The natural beauty was beyond imagination! Id hate to see it turned into toxic $h!thole for the sake of some fiat currency. Just my $.02,profanity,1,0,1,0,0,0,0.6,0.0,0.6,0.0,0.1,0.0,civil-comments-human-crowd-aggregate
civilcomments-65404cb18464cbccb979,"Protesters wanted open borders, our PM says we will take you come to Canada , government offers no support to the town. I'm thinking the protesters should step up and take one or two home . House them, feed them and clothe them. etc.",neutral,0,0,0,0,0,0,0.0,0.0,0.0,0.0,0.0,0.0,civil-comments-human-crowd-aggregate
civilcomments-5037ad425650edbf2e21,Omg you get more stupid every day. Did you actually understand the comment? People like you handed the office to the trumpster. Now... go back to pounding your keyboard.,insult,1,0,0,0,1,0,0.863636,0.090909,0.166667,0.030303,0.863636,0.0,civil-comments-human-crowd-aggregate
civilcomments-34549554efd59dcd307b,"Jeepers, enough with the stereotypes. I ran a race in the USA recently and ran into some American friends. One of their gang was a fast cute young lawyer; she was a life long conservative and Trump fan.",neutral,0,0,0,0,0,0,0.0,0.0,0.0,0.0,0.0,0.0,civil-comments-human-crowd-aggregate
civilcomments-56dc17588778e55e8f4a,"The good cop seems a lot different from the bad cop, but they're both looking for a conviction. They get paid by the same people, and work for the people who sign the checks, and primarily support the system that keeps the money coming. While it may seem that the republicans have gone off the deep end over the last eight years, pandering to the extreme elements of their base; it may also be said that the democrats have themselves gone so far to the right that they left the repubs very little room to do otherwise. If Trump had the guts to stand behind half the BS he flung to the crowds at his rallies, or if Bernie hadn't been stabbed in the back by the dems, it might have represented the kind of radical departure needed to usher in something new---Instead we'll have a clown-show that'll probably make Dubya look dignified by comparison, with any kind of populism thoroughly discredited in the eyes of the electorate. If the Republic survives that long.",neutral,0,0,0,0,0,0,0.2,0.0,0.2,0.0,0.2,0.0,civil-comments-human-crowd-aggregate
civilcomments-427474e609b13c2b3a76,"And step Down Kate Brown strikes again so because she can't do her job we can't get state jobs and let's strong arm the poor people who owe back taxes to a state who couldn't provide enough high paying jobs to pay the crazy ass taxes.. yes, Step Down Kate Brown is running the show....Uggg Oregon is so extreme left and dumb downed they elected that bitch. And Oregon being the only state in USA that has. Nothing in place to remove their Govenor, ugg!",profanity,1,0,1,0,1,0,0.7375,0.1125,0.6625,0.0625,0.6875,0.1,civil-comments-human-crowd-aggregate
civilcomments-fca5cb627b46442f1be9,And it is only geting worse I find. I think there are less chinese in China compared to Markham. And chinese are rude - this is a fact.,identity,1,0,0,0,1,1,0.6,0.0,0.0,0.0,0.5,0.7,civil-comments-human-crowd-aggregate
civilcomments-9a1faa1975fcc7956ad7,"Yeah - - because up until now, Islamic State really loved the US! And the West in general! They love us so much sometimes they cut off peoples heads to keep as a souvenir!",identity,1,0,0,0,0,1,0.8,0.1,0.1,0.4,0.2,0.5,civil-comments-human-crowd-aggregate
civilcomments-e23542cb5d8925813353,Another grand social experiment with Canadians as the lab mice.,identity,1,0,0,0,1,1,0.5,0.0,0.0,0.0,0.5,0.5,civil-comments-human-crowd-aggregate
civilcomments-39ce41c8583a0bea5da8,"Mr. Jenkins, having read your columns for many years, I'm not surprised at your baiting. However, I'm surprised you parrot the conservative line that this was a GOP victory. This was a populist, not a Republican, victory. Trump pulled off what George Wallace and Ross Perot could not. He coopted a major party and road it to an incredible upset. This is why, as you have demonstrated in this column, neither side has a clue as to where this is will take us. The danger of a populist victory is the impossibility of fulfilling the extreme promises may trigger extreme reaction, which always comes with a scapegoat or two. Hopefully, the midterm election will restore some sensibility, but by then we may all be seriously regretting this outcome.",neutral,0,0,0,0,0,0,0.0,0.0,0.0,0.0,0.0,0.0,civil-comments-human-crowd-aggregate
civilcomments-90d8ce2e96b5443cdbe4,The CIA said it was the Russians .... I believe them. . Trump said it was the Russians ... you believe him .. . you need to work on your trolling,neutral,0,0,0,0,0,0,0.0,0.0,0.0,0.0,0.0,0.0,civil-comments-human-crowd-aggregate
civilcomments-744097bceb3d06904ae0,There goes ADN again being a lackey for the Liberals again..,neutral,0,0,0,0,0,0,0.0,0.0,0.0,0.0,0.0,0.0,civil-comments-human-crowd-aggregate
civilcomments-7b7e78d45a7a77c4899c,"Kill this thing. Let it die already. Do people want to pave a circle 40 miles in radius around the damn hospital? If you want a town like that, go to Seattle or Texas or someplace that everything is already paved over. If you want to live in Alaska, live in Alaska and protect what's left of it.",insult,1,0,0,0,0,0,0.7,0.0,0.4,0.4,0.2,0.0,civil-comments-human-crowd-aggregate
civilcomments-416a9c6ece3659685c42,"""In a White House ceremony broadcast live on prime-time television Tuesday night"" Who broadcast this live, besides Fox News? The MSM should just have a news crawl or 15-second ""breaking news"", with ""more details at 11"". They are just giving Trump more oxygen. And CNN should follow suit and semi-ignore Trump, having been disrespected by Trump as ""fake news"".",neutral,0,0,0,0,0,0,0.3,0.0,0.0,0.0,0.3,0.0,civil-comments-human-crowd-aggregate
civilcomments-a1acc28387010617b507,"Raitt is behind Chong and O'Toole too in terms of French capabilities, in my view. Unlike O'Leary though, if Raitt is elected leader I'll give her the benefit of the doubt that she'll put in the hard work necessary between now and 2019 to get to a reasonable level. I consider Harper's French to be that reasonable level.",neutral,0,0,0,0,0,0,0.0,0.0,0.0,0.0,0.0,0.0,civil-comments-human-crowd-aggregate
civilcomments-189906d65f0ef36aef66,So it's not another neato gun owner?,neutral,0,0,0,0,0,0,0.0,0.0,0.0,0.0,0.0,0.0,civil-comments-human-crowd-aggregate
civilcomments-cf70772882eea879615f,"Demonstrators' are so funny !! Just like a pimple on the ass. A minor annoyance, soon gone and forgotten, with no lasting effect. ;-)",profanity,1,0,1,0,0,0,0.714286,0.085714,0.571429,0.0,0.4,0.028571,civil-comments-human-crowd-aggregate
civilcomments-295942f770fb2969ecbf,"Nah. The city councilor's jobs are very hard and they are not paid enough for all the crap they have to put up with, not to mention the importance of the job they do. Yes, they collectively are doing a pretty crappy job, but that is partly because nobody in their right mind would take on such a job. So we are stuck with ideologues like Kittys I and II.",neutral,0,0,0,0,0,0,0.2,0.0,0.1,0.0,0.1,0.0,civil-comments-human-crowd-aggregate
civilcomments-a0b33a3ca067f4592e61,Sue that deplorable witch right into her grave. She's a piece of dog crap.,profanity,1,0,1,0,1,0,0.7375,0.15,0.675,0.25,0.725,0.0125,civil-comments-human-crowd-aggregate
civilcomments-3539350fe9cbfb03335d,"The guy interrupted a member of the flight crew while she was giving the safety briefing. Then he was given a warning, and yet he still couldn't keep his mouth shut. Flight crews do not take any crap these days, and nor should they. If the guy is being disrespectful, rude, and can't follow instructions before they're even airborne, it's only going to get worse.",profanity,0,0,1,0,0,0,0.3,0.1,0.5,0.0,0.1,0.0,civil-comments-human-crowd-aggregate
civilcomments-2d85465c2f7e423ed37f,"In the immortal words of Fletcher from Liar Liar.......""stop breaking the law asshole!""",profanity,1,0,1,0,1,0,0.915888,0.070093,0.775701,0.004673,0.873832,0.009346,civil-comments-human-crowd-aggregate
civilcomments-03fc3260312549522beb,Is this a Mel From Eckville routine?,neutral,0,0,0,0,0,0,0.0,0.0,0.0,0.0,0.0,0.0,civil-comments-human-crowd-aggregate
civilcomments-8b7fdc9f3cd0d3850929,"The Mass is PUBLIC WORSHIP! It is not just my prayers, but me joining with others in the Worship of God. WE as a church are to join the entire CHURCH in our Worship. The Mass is comprised of the Liturgy of the Word [the WORD is the LOGOS of God] and it is VITAL. It should be heard [not boomed, but heard] by all, presented to all and responded to by all. The Second part of the Mass, is the Liturgy of the Eucharist. The LOGOS, the Word that we have listened to, and hopefully 'pondered in our hearts,' now comes to us under the form of bread and wine. It is the Body and Blood of Christ---given for US. There are many aspects of prayer we can bring. And we do offer all of them at the Offertory. But what we SHARE, in Common, and what we RECEIVE, in Common----is pure Gift from God.",neutral,0,0,0,0,0,0,0.0,0.0,0.0,0.0,0.0,0.0,civil-comments-human-crowd-aggregate
civilcomments-41dc3bc39e74169cd054,"So you call me ""weak and stupid"" because doctors made me a addict when I was 12 and under their care? All I knew was that I was in pain and they kept giving me shots. Yeah that's weak and stupid right?",insult,1,0,0,0,1,0,0.80597,0.029851,0.134328,0.0,0.776119,0.0,civil-comments-human-crowd-aggregate
civilcomments-03f2850e9af2459c13cc,What does beauty have to do with pornography? Definition of pornography from Merriam Webster: 1: the depiction of erotic behavior (as in pictures or writing) intended to cause sexual excitement 2: material (as books or a photograph) that depicts erotic behavior and is intended to cause sexual excitement 3: the depiction of acts in a sensational manner so as to arouse a quick intense emotional reaction Porn is porn,neutral,0,0,0,0,0,0,0.4,0.1,0.2,0.0,0.0,0.0,civil-comments-human-crowd-aggregate
civilcomments-ec8e2b96a54d465c0b58,"And comes now Donald Trump being welcomed by major evangelicals of America, most if not all racists themselves, some even member of the Ku Klux Klan, to embrace and cheer each other on. Holy cow!",insult,1,0,0,0,0,0,0.7,0.0,0.0,0.0,0.4,0.2,civil-comments-human-crowd-aggregate
civilcomments-03d1a8a9891df40ea369,Seriously. Dislike. Snakes.,neutral,0,0,0,0,0,0,0.0,0.0,0.0,0.0,0.0,0.0,civil-comments-human-crowd-aggregate
civilcomments-dfd01a435fdef94b0537,"Go look outside at the Boeing 747 that just flew past. Now take this quiz, ( pick A or B ) (A) Bill Nye worked on the Hydraulic Control system that keeps the plane in the air (B) Sarah Palin is unable to understand how something that big stays in the air. Darn the pesky science with all those numbers and facts!!!!!!!!",profanity,1,0,1,0,0,0,0.6,0.0,0.5,0.0,0.2,0.0,civil-comments-human-crowd-aggregate
civilcomments-b83a1fe9d21f6a7e1ced,"I hope all of those being portrayed have been approved by the Political Correctness Committee. JFK sounds a little risky to be portrayed. I mean, he initiated the United States involvement in the Vietnam War, attacked Cuba at the Bay of Pigs, threatened to nuke the USSR, sponsored clandestine CIA operations against foreign governments, spent money on wasteful space exploration that could have been spent on the homeless; it's even been alleged that he may have been unfaithful to his wife. Is this a good example for our children?",neutral,0,0,0,0,0,0,0.0,0.0,0.0,0.0,0.0,0.0,civil-comments-human-crowd-aggregate
civilcomments-ea54945354cabd894fa2,"""Equally foolish are people who grow indignant on hearing that some practice was allowed to righteous people in earlier ages which is forbidden to the righteous on our own day, and that God laid down one rule for the former and a different one for the latter, as the difference between the two periods of time demands; ..."" and ""I lacked the insight to understand that justice, of which good and holy people are the servants, contains in itself, in a for more excellent and sublime way, the principles of all it prescribes, and is unvaryingly self-consistent, yet does not impose all its demands at once, but adjusts and allots to different periods the provisions most apt for them. In my blindness I censured the holy patriarchs, who not only made use of the opportunities available to them in the way ordained and inspired by God, but also prefigured what was to come, as God revealed it through them."" St. Augustine, ""The Confessions""",insult,1,0,0,0,0,0,0.5,0.1,0.1,0.0,0.3,0.0,civil-comments-human-crowd-aggregate
civilcomments-5ed861baba4084d8efcc,"True, not comparing apples with apples, I get it. Another way of looking at it is by comparing the cost to other rail projects, and...the project isn't near completion. There's a ton of information on rail costs per mile, and even summaries on the HART project. IMO, there are serious flaws in the concept from the get go. It also seems that there just isn't the population required to support such a project. I hope I'm wrong.",neutral,0,0,0,0,0,0,0.0,0.0,0.0,0.0,0.0,0.0,civil-comments-human-crowd-aggregate
civilcomments-baa8ca099101a9f4f542,"' No, it's not. No, it's not that either, And no, it doesn't give hate groups validity, they have none. Your presuppositions are unattested and unsupported. .",neutral,0,0,0,0,0,0,0.1,0.0,0.0,0.0,0.0,0.0,civil-comments-human-crowd-aggregate
civilcomments-43db26619bf375b81c49,Unintended consequence: interruption of migratory flow of animals and ground/low flying birds. More genetic islands will result with extinctions and further loss of biodiversity..,neutral,0,0,0,0,0,0,0.0,0.0,0.0,0.0,0.0,0.0,civil-comments-human-crowd-aggregate
civilcomments-59a2900d394a6d1f5709,This road is only being built to permanently keeping the capital in Juneau although Alaskans have voted to move it to central location!,neutral,0,0,0,0,0,0,0.0,0.0,0.0,0.0,0.0,0.0,civil-comments-human-crowd-aggregate
civilcomments-b54e271c0a2ad0d2668d,"Sorry, it seems incredibly risky to put a clown like Trump in the position of Leader of the Free World, and then hope he is 100% ineffective. I would rather put in the woman who has some experience and a little credibility with the rest of the world.",insult,1,0,0,0,1,0,0.8,0.0,0.1,0.0,0.8,0.0,civil-comments-human-crowd-aggregate
civilcomments-67a8a6d0dd692ef2fc59,"I would say that the first step is to stop teaching their kids from 3 or 4 years old, that they are superior to infidels, infidels are a step below humans, that their religious duty is to convert infidels and that their god somehow rewards or asks them to take ANY action against infidels. If parents and madrasas stop teaching that non-sense, most terrorists wouldn't exist. So, don't see what others can do to appease you, look first at the violent non-sense you are teaching your kids.",neutral,0,0,0,0,0,0,0.0,0.0,0.0,0.0,0.0,0.0,civil-comments-human-crowd-aggregate
civilcomments-e280aab4c67f80f365c8,"a) Some companies (Toyota?) treat their employees well enough that they don't feel the need to unionize. Toyota (among others) isn't unionized, so it sort of suggests that your thesis that employees are 'terrorized' into joining unions isn't quite correct. b) Wages set at Toyota are partly set by the wages negotiated at unionized auto plants elsewhere. c) Go check out the wages paid to workers where there are no unions, to get an idea as to what a completely union-free environment looks like. Go check out Call Center wages, for instance. Or what part-time instructors get paid at community colleges compared to full-time (unionized) instructors. And I'm sure there are a lot of other examples.",neutral,0,0,0,0,0,0,0.0,0.0,0.0,0.0,0.0,0.0,civil-comments-human-crowd-aggregate
civilcomments-01c8fcd3d98f70520655,"Too bad the UN is filled with self -elected, self-indulgent, hedonistic pedophilic gang members who have enjoyed each others company since grammar school. So I'm sure they have ""many American Jews"" on their side; being more interested in the size of their pocketbooks, than being the protectors of modern civilization.",insult,1,1,0,0,1,0,0.7,0.3,0.1,0.0,0.7,0.4,civil-comments-human-crowd-aggregate
civilcomments-af2035c84b0bd99f07a4,I am shocked and appalled at the HIDDEN AGENDA behind this article!,neutral,0,0,0,0,0,0,0.0,0.0,0.0,0.0,0.0,0.0,civil-comments-human-crowd-aggregate
civilcomments-bea02a3b95370a885510,"According to the author of the article ""As a board member, Aaberg pushed the idea of leasing the right for fishing lodges to take boats on the Iliamna River. The village owned 80 percent of it, but a couple of dozen lodges were crowding it with sportfishing clients. The corporation limited use to three boats a day and made the lodges bid for that privilege.""",neutral,0,0,0,0,0,0,0.0,0.0,0.0,0.0,0.0,0.0,civil-comments-human-crowd-aggregate
civilcomments-7889b0d2ac4fe0e128e4,"The truth.......You mean like ""If you like your doctor you can keep your doctor? Or another favorite, ""if you like your insurance you can keep your insurance"" lol How soon they forget, the biggest liar just left office.",insult,1,0,0,0,1,0,0.6,0.0,0.0,0.0,0.6,0.0,civil-comments-human-crowd-aggregate
civilcomments-7a66fce94aaadaa75f70,Donald J --- Full speed ahead! Dam the silly leftist torpedoes! The silent Majority is with you Trump...Play your Trump card!,profanity,1,0,1,0,1,0,0.6,0.0,0.5,0.0,0.5,0.2,civil-comments-human-crowd-aggregate
civilcomments-1724b1b9421e0e018f12,The Yukon has channels that go to dead ends.,neutral,0,0,0,0,0,0,0.0,0.0,0.0,0.0,0.0,0.0,civil-comments-human-crowd-aggregate
civilcomments-ff1e783ec0cd8d37d23a,Why would anyone buy in Canada now at these ridiculously overvalued prices? Vancouver has already dropped over 9 percent. More to come....,neutral,0,0,0,0,0,0,0.0,0.0,0.0,0.0,0.0,0.0,civil-comments-human-crowd-aggregate
civilcomments-981fc975bcd8ea5f0b8b,Hannity with boobs...,insult,1,0,0,0,0,0,0.757143,0.028571,0.328571,0.0,0.2,0.0,civil-comments-human-crowd-aggregate
civilcomments-b594856eec69df7169b4,Another Pantload post.,neutral,0,0,0,0,0,0,0.2,0.0,0.0,0.0,0.2,0.0,civil-comments-human-crowd-aggregate
civilcomments-0eb7748ab518b09ae6d6,"Actually, I guess you didn't. I just like the idea of her.",neutral,0,0,0,0,0,0,0.0,0.0,0.0,0.0,0.0,0.0,civil-comments-human-crowd-aggregate
civilcomments-244a61a34850356510f6,Think I will go eat there just to make a new friend!,neutral,0,0,0,0,0,0,0.0,0.0,0.0,0.0,0.0,0.0,civil-comments-human-crowd-aggregate
civilcomments-0f125e071ae08d9cd6eb,"DC, Outsider is an extremely well published physicist. Well, I'm pretty sure he is from the clues I have pieced together. I wouldn't discount his comments when it comes to science or other things (in my opinion) other than when he is yanking one's chain which one may never really know when he is doing that. I personally believe Global Warming, Climate Change, or whatever it is called at any given time is real and effecting the planet and in-turn life now. It is only going to get worse. It is one of the four horseman man now faces. I don't need any expert to tell me that or confirm that fact and I am not going to waste my time arguing with anyone who doesn't believe it; policies to address it, for sure.",neutral,0,0,0,0,0,0,0.0,0.0,0.0,0.0,0.0,0.0,civil-comments-human-crowd-aggregate
civilcomments-312cae7eeb283cff8532,"What can be verified and not ignored just because authority is resorted to. QC 5 and 6 asserted authority, not any particular dogma. Pius IX would not brook dissent. Too bad for Pius. That is tantrum, not truth. No pope is the sole source of Truth in the Catholic faith and never has been.",neutral,0,0,0,0,0,0,0.0,0.0,0.0,0.0,0.0,0.0,civil-comments-human-crowd-aggregate
civilcomments-1c81c267464e71368ba4,We need to change your name from B Carfree to don't be a lemming running for the closest cliff. Only an America hating progressive would not be very suspicious of these middle of October 35-year-old claims of sexual assault coming from women associated with the Clinton foundation. Sharpen your critical thinking skills to a little bit of research and you will find this all of these claims have now been debunked and were back to just the Clintons as the sexual deviants rapists and pedophiles,insult,1,0,0,0,0,0,0.6,0.1,0.0,0.0,0.4,0.2,civil-comments-human-crowd-aggregate
civilcomments-6f88abcff42d8008a821,"I'm always hopeful Tabatha will surprise me. And, somewhere in her rambling piece, A nugget of wisdom, cleverly hidden, will be revealed. But, darn it all, once again, today, it was not to be!",profanity,1,0,1,0,0,0,0.7,0.2,0.6,0.0,0.3,0.0,civil-comments-human-crowd-aggregate
civilcomments-76c11154a99c14af84a2,"Now, you are 'stretching the truth'. After HART awarded the contract for the Airport and Middle Street, Djou said clearly that he will honor all existing contracts. That means heavy rail will go to Middle Street. According to the FTA and HART, the rail project is OUT OF MONEY at Middle Street. Perhaps you, ""lumbernappy"" have never been out of money. The definition of ""out of money"" is not having $4 billion to blow on anything else. The money is GONE. All used up. There is no $4 billion. There's not even one hundred dollars. It's all spent. Therefore, ANYTHING Djou proposes to build (HOT lane, BRT, jetpack rentals, whatever) requires tax increases to pay for. So you say the $ billion is ""already collected via the GET"". What you pretend not to understand (but Djou does, so he's lying) is that HART (founded by Djou) has the full legal authority to use EVERY PENNY to build rail. It would require a City Charter amendment to change HART's mission and its financial authority.",neutral,0,0,0,0,0,0,0.0,0.0,0.0,0.0,0.0,0.0,civil-comments-human-crowd-aggregate
civilcomments-9421c466be5641384467,"Well, DC, about 5 million bucks has been blown of our City budget by the current City Manager. NO one is protesting that. Explain why, please.",neutral,0,0,0,0,0,0,0.0,0.0,0.0,0.0,0.0,0.0,civil-comments-human-crowd-aggregate
civilcomments-b7090752ec89a1616bb4,A real crappy ruling. Can't begin to say how bad this is...,neutral,0,0,0,0,0,0,0.3,0.0,0.1,0.0,0.1,0.0,civil-comments-human-crowd-aggregate
civilcomments-af3dd0fad0e24ca8c076,This guy hasn't noticed but there is already a 13% HST on sugary drinks. He seems to be one of these cover-up clowns that at trying to market unpopular items in the budget based on their internal knowledge.,insult,1,0,0,0,1,0,0.5,0.0,0.0,0.0,0.5,0.0,civil-comments-human-crowd-aggregate
civilcomments-5ad7f2ce1e25463efdbe,"Sure, Omar the child soldier deserves compassion, but his traitorous terrorist family that put him there deserve deportation....",neutral,0,0,0,0,0,0,0.46875,0.015625,0.03125,0.109375,0.40625,0.078125,civil-comments-human-crowd-aggregate
civilcomments-15e7ed3dbc42bd5bafb0,"During the last election the Liberal Party's Chief Financial Officer was one Chuck Rifici, who cofounded Tweed Marihuana aka canopy Growth Corp.",neutral,0,0,0,0,0,0,0.166667,0.0,0.0,0.166667,0.0,0.166667,civil-comments-human-crowd-aggregate
civilcomments-55d937133afb03f58b52,"The Jews considered going forth and populating the earth the single most important divine command, which is why homosexual behavior was a capital offense. And the Church considers the gift of life so fundamental that it excommunicates abortionists and those who facilitate abortion. In the midst of this is a small contingent who believes “it’s my phallus, I can use itfor anything I like.” I would consider that last group the phallus cult.",identity,1,0,0,0,0,1,0.6,0.1,0.1,0.0,0.4,0.6,civil-comments-human-crowd-aggregate
civilcomments-ae584777fdfd2dc6eb6c,wait...it sounds like you're talking about the Alaska legislature,neutral,0,0,0,0,0,0,0.0,0.0,0.0,0.0,0.0,0.0,civil-comments-human-crowd-aggregate
civilcomments-68404100dc795a881422,"Thank you for the acknowledgement David, now Sir...may we part ways? You're shifting from the message to the messenger; after all, you've engaged me on the subject and I've responded to your questions...do you have others? Rick Holtsclaw",neutral,0,0,0,0,0,0,0.0,0.0,0.0,0.0,0.0,0.0,civil-comments-human-crowd-aggregate
civilcomments-7a3452656a15b647d801,You sound like an old school Pedophile!,insult,1,0,0,0,1,0,0.8,0.030769,0.061538,0.0,0.769231,0.030769,civil-comments-human-crowd-aggregate
civilcomments-24b7a6d9b15ec6367b84,"Wondering why Begich didnt take credit for all of those accomplishments while running for re-election? Silly me, thought Lisa did most of that. Mark must be gearing up for a Gov run. I'm sure you're a nice guy but do us a favor, stay on the sidelines. Your time as mayor of Anchorage and US Senator were forgettable. End of discussion. Your constant efforts to extort more money from the private sector to feed insatiable union demands at every level of government have created an embarrassing have vs have-nots environment in Alaska. Your own Charles Wohlforth addressed it just the other day in his article on healthcare costs...Oops!!",neutral,0,0,0,0,0,0,0.2,0.0,0.0,0.0,0.2,0.0,civil-comments-human-crowd-aggregate
civilcomments-9e3cb9d2da5e5b261518,"All knew, the oil cartel on the slope, the Governors and the AOGCC, that it was a bygone conclusion that at some point in time (we are there) ""gas exploration development and export"" would be more beneficial to the state fiscally than oil for the larger tax base it would allow to flourish, and for continual improvement of our 1950`s infrastructure in measured beneficial and affordable phases..that also has a ""value"" that is probably more valuable to the state than the taxes we derive from the gas. If we don`t fight for ourselves with and through a good Governor like Walker, how will we ever stand against graft and conflict in government like that that pervades the majorities on the second floor in our capital? I`d rather we go down fighting rather than just, in fear that they leave us, let them have our oil and gas for nothing in production taxes... let alone these subsidies the Conoco caucus sold us... just like they sold us the Taj....",neutral,0,0,0,0,0,0,0.2,0.0,0.0,0.0,0.2,0.0,civil-comments-human-crowd-aggregate
civilcomments-56666de9bd62d45d734e,"Massingale didn't say ""Whites and only whites are responsible for all the problems in America's black communities"" and you should be ashamed of saying he did. Trid, you asked me about loving my neighbor, and I gave some examples where I find it hard to do that. Here is an excellent example of my neighbor, utilitas, being unlovable.",identity,1,0,0,0,0,1,0.8,0.0,0.0,0.0,0.3,0.8,civil-comments-human-crowd-aggregate
civilcomments-462f2bfeca5c904b5485,"Our military have laptops and other electronic devises to connect with home, do you think these are safe, not being hacked, leaks not happening. These have no place in a war zone.",neutral,0,0,0,0,0,0,0.0,0.0,0.0,0.0,0.0,0.0,civil-comments-human-crowd-aggregate
civilcomments-7d957976cf67998bcee6,"<< But on matters like abortion, gay marriage, etc., he has essentially conned the social conservatives.>> He has. But they, in turn, have co-opted him. There is no evidence that Trump is even remotely interested in the issues that matter to so-called social conservatives, but he is surrounded by people who do care about them. Mike Pence is an unrepentant, prolific gay basher, and Sessions is a reliable ""social conservative"" who will pursue policies designed to constrict or reverse the advances in civil, political and human rights of various minorities.",identity,1,0,0,0,1,1,0.6,0.0,0.0,0.0,0.7,0.6,civil-comments-human-crowd-aggregate
civilcomments-365d4fbfb3206dc03337,"Bring the team here ? They were founded here as part of the old West Coast Pro League that merged into the ECHL. no one ""brought"" them here... Your comment shows you haven't lived here long",neutral,0,0,0,0,0,0,0.0,0.0,0.0,0.0,0.0,0.0,civil-comments-human-crowd-aggregate
civilcomments-b4e08122613879394f92,"Perhaps you should take an 'Introduction to Logic"" class before approaching the keyboard again. In any event, am I to assume then that you snowflakes restrict your ""hate"" exclusively to the unborn?",neutral,0,0,0,0,0,0,0.166667,0.0,0.0,0.0,0.166667,0.166667,civil-comments-human-crowd-aggregate
civilcomments-0ea0c7c9e43e6accc852,"Soy?!? Their chicken tasted like kack to me. Instead of suing the messenger, they should take this opportunity to get some decent chicken.",neutral,0,0,0,0,0,0,0.0,0.0,0.0,0.0,0.0,0.0,civil-comments-human-crowd-aggregate
civilcomments-295f88db85ca0495353a,"Talking about cadavers, Conway's husband of eighty years, says, I hardly recognize her anymore.",insult,1,0,0,0,1,0,0.5,0.0,0.0,0.0,0.5,0.0,civil-comments-human-crowd-aggregate
civilcomments-e38c9cb04740c4a389dd,Technical advances have outpaced true talent. This is more worthwhile watching than Carey's on-stage disaster.,neutral,0,0,0,0,0,0,0.0,0.0,0.0,0.0,0.0,0.0,civil-comments-human-crowd-aggregate
civilcomments-6fae54720df5fe35f7c1,The USA is broke as shiat.,profanity,1,0,1,0,0,0,0.5,0.1,0.5,0.0,0.1,0.0,civil-comments-human-crowd-aggregate
civilcomments-34f49dfcabdad5615726,What a pompous @$$. Btw this new comment section sucks.,profanity,1,0,1,0,1,0,0.787879,0.0,0.681818,0.0,0.515152,0.0,civil-comments-human-crowd-aggregate
civilcomments-99bceab71af1a07e56b5,The opioid crisis is because junkies are compelled to buy street drugs instead of being able to purchase them at regulated pharmacies. Prohibition is the cause of these deaths and puts money in the pockets of organized crime. The state has no business criminalizing the recreational choices of ostensibly free citizens. It's wrong and harmful.,neutral,0,0,0,0,0,0,0.2,0.0,0.0,0.0,0.2,0.0,civil-comments-human-crowd-aggregate
civilcomments-0530fee3ffa00809a025,Well written. I'm suddenly famished and wished I read this article when they were still open! Yummy!,neutral,0,0,0,0,0,0,0.0,0.0,0.0,0.0,0.0,0.0,civil-comments-human-crowd-aggregate
civilcomments-2cbad4c5a01468ad1333,"Yeah, Whiting, that's what we Democrats thought when the nation elected President Barack Obama twice. But your Republicans in congress and in state Legislatures fought him tooth and nail. For the past eight years, your Republican Party and representatives chose to create a Just Say No to President Obama's administration. It's too bad the voters couldn't take the plank out of their eye to see what's to come with a Trump administration. Forgive and forget and let's move on you say? Hell no I won't go. I'll fight the Republican establishment, the ammosexuals, and the scary pockets of militia hiding out across our nation's forests. Trump hates the Republican Party more than he hates the Democrats. Wait and see.",insult,1,0,0,0,0,0,0.5,0.1,0.1,0.2,0.3,0.2,civil-comments-human-crowd-aggregate
civilcomments-82850cc365d7660e5661,"Nowadays, a lot of goodly, decent, churchgoing conservative folks dehumanize their political opponents as satanic subhuman scum. Therefore it's good and holy to mistreat them, because they're ""not one of us.""",insult,1,0,0,0,0,0,0.6,0.0,0.0,0.2,0.4,0.0,civil-comments-human-crowd-aggregate
civilcomments-697226a4d0fc9f764743,"Why do we need to spend money to send folks to investigate. In this era, aren't digital pics and reports sufficient?",neutral,0,0,0,0,0,0,0.0,0.0,0.0,0.0,0.0,0.0,civil-comments-human-crowd-aggregate
civilcomments-be71103f5adbad84f244,Student in the drug trade,neutral,0,0,0,0,0,0,0.166667,0.0,0.0,0.0,0.166667,0.0,civil-comments-human-crowd-aggregate
civilcomments-024238fb70dfe279d1b2,Way to like yourself loserboy,insult,1,0,0,0,1,0,0.833333,0.0,0.0,0.0,0.833333,0.0,civil-comments-human-crowd-aggregate
civilcomments-52170043c84032c19766,swimmer You are right. Jews and Arabs do not belong together. Palestine is surrounded by Arabs so Jews do not belong there. Common sense. Not rights.,neutral,0,0,0,0,0,0,0.0,0.0,0.0,0.0,0.0,0.0,civil-comments-human-crowd-aggregate
civilcomments-c28010cd67b0fe3435c7,"It all depends where you are, for a while over there all we had was a sat-phone. You had to travel to more developed areas to have internet, skype, email, etc.",neutral,0,0,0,0,0,0,0.0,0.0,0.0,0.0,0.0,0.0,civil-comments-human-crowd-aggregate
civilcomments-654936d9a1b211e6feb5,"I was following up on my statement, ""You do not know why minimum wage laws were instituted."" In such a case, history is significant. But you don't care about the history, nor do you care about the people earning minimum wage. You want employers to pay LESS than $7.25 per hour. Some time ago, you asked me if I was concerned with people's happiness. You make it quite clear that you are not. You want them to live in poverty. How about responding to your idiotic idea that the applicant and the employer are equal in wage negotiations?",insult,1,0,0,0,0,0,0.5,0.0,0.0,0.0,0.4,0.0,civil-comments-human-crowd-aggregate
civilcomments-03288d6d0bfc3361bfab,"I wish I could be more sympathetic to Albertans like yourself. Unfortunately, a lot of their misfortune is of their own doing. In the 1980s, when I lived in Alberta, there was a popular bumper sticker: ""Dear Lord. Please let there be another oil boom. I promise I won't pi$$ it all away next time."" Well, there was and they did. Since the late 1940s Alberta was provided with the riches and royalties to develop the petroleum and secondary and tertiary industries and they never did. Each time they pi$$ed it all away and now, once again, they are in financial dire straits and expecting BC to allow them to crap in their own backyard with environmental and oil spill inevitable disasters.",profanity,1,0,1,0,1,0,0.7,0.1,0.5,0.1,0.5,0.0,civil-comments-human-crowd-aggregate
civilcomments-90467814be30ef114847,U HAVE A SHIT BRAIN. U CAN RENT A 3 BEDROOM EASY FOR $1600/MONTH. ALL THESE HOBOS ARE JUST INSANE.,profanity,1,0,1,0,1,0,0.885714,0.157143,0.771429,0.0,0.857143,0.057143,civil-comments-human-crowd-aggregate
civilcomments-ceb123cfdf88f382039d,"That, unfortunately for you and what credibility you have, is a falsehood from beginning to end.",neutral,0,0,0,0,0,0,0.166667,0.0,0.0,0.0,0.166667,0.0,civil-comments-human-crowd-aggregate
civilcomments-dae7ad84c802bd76001d,"Yo should do your homework before spouting nonsense. See Susan C. Boyd (she's on the Fed task force!) and Connie I. Carter's Killer Weed: Marijuana Grow Ops, Media, and Justice (UofT 2014). The producers are predominately not gangsters, and not armed.",neutral,0,0,0,0,0,0,0.166667,0.0,0.0,0.0,0.166667,0.0,civil-comments-human-crowd-aggregate
civilcomments-9f962d011f099b614a10,That's probably true. Most people only have a few thousand saved for retirement. But most of the people reading an article about financial planning probably are above the critical threshold.,neutral,0,0,0,0,0,0,0.0,0.0,0.0,0.0,0.0,0.0,civil-comments-human-crowd-aggregate
civilcomments-b61b3b61091ecd95e20e,trump is America's ORANGE CRYBABY.,insult,1,0,0,0,1,0,0.539474,0.0,0.0,0.0,0.5,0.013158,civil-comments-human-crowd-aggregate
civilcomments-34e6141db2b017998468,"AND the numbers marching are interesting...I am including a link to some professors who worked on these numbers... Jeremy pressman @ University of Connecticut data collection women marches Morning update on march count in US: Low estimate: 3,673,114 High (not highest) est: 4,607,902 ...",neutral,0,0,0,0,0,0,0.0,0.0,0.0,0.0,0.0,0.0,civil-comments-human-crowd-aggregate
civilcomments-2bd7a1144bed80a0f3e6,"That would be great, but it's different this time. This time he has all the toy trains he could want to play with right here. He doesn't have to go off and sell them to other cities. Charlie can ""fuggedaboutit"". Fish will be a no on this.",neutral,0,0,0,0,0,0,0.0,0.0,0.0,0.0,0.0,0.0,civil-comments-human-crowd-aggregate
civilcomments-5f93240d680724d3dd0b,The Army quit taking losers based on a Judge's sentence way last century.,insult,1,0,0,0,1,0,0.5,0.0,0.0,0.0,0.5,0.0,civil-comments-human-crowd-aggregate
civilcomments-05bd2cfb6c7526e1d345,"Naturally, the question of whether children do better with a working mom or a stay at home mom has been researched. Children of working mom's fare just as well. Giving up her career just wouldn't make her children more happy or more successful. If you are looking for a boogey man to blame all of America's woes on... it's NOT working moms. But thanks for the guilt trip Richard. Mothers definitely need more guilt trips.",neutral,0,0,0,0,0,0,0.0,0.0,0.0,0.0,0.0,0.0,civil-comments-human-crowd-aggregate
civilcomments-569f4ca466e1c824a582,"Many Muslims claim their religion does not advocate violence and praises diversity! Isn't it about time that we saw a large group of Muslims start a ""reformed"" Muslim religion that eliminates the passages of the Quoran that relate to violence against the ""infidels"" and advocates the equality of men and women.A religion that enshrines 13th century dogma that is questionable today, is not suitable for the 21st century!",identity,1,0,0,0,0,1,0.5,0.0,0.0,0.0,0.2,0.6,civil-comments-human-crowd-aggregate
civilcomments-c2baab1ea71355bc1aab,Why don't you call yourself dickhead instead of pubic ... good grief.,insult,1,0,0,0,1,0,0.857143,0.057143,0.357143,0.0,0.814286,0.0,civil-comments-human-crowd-aggregate
civilcomments-f1c5f8810f3a3554286a,I take something to keep the inflammation in check.,neutral,0,0,0,0,0,0,0.003619,0.0,0.001809,0.001206,0.001206,0.001206,civil-comments-human-crowd-aggregate
civilcomments-6588ee7a8d7af0990bdc,Thank you for this comment.,neutral,0,0,0,0,0,0,0.0,0.0,0.0,0.0,0.0,0.0,civil-comments-human-crowd-aggregate
civilcomments-36f9248fbf71a41aa1df,And our dysfunctional legislature can't even get this right when they had the chance to. Everything in this piece everyone already intuitively knows.,neutral,0,0,0,0,0,0,0.0,0.0,0.0,0.0,0.0,0.0,civil-comments-human-crowd-aggregate
civilcomments-fe39f2e982e96e8e665b,Shooting the legs? That's a small target and hard to hit when someone is moving....and there are major arteries....they would bleed out in less than a minute.,threat,1,0,0,1,0,0,0.7,0.2,0.0,0.7,0.1,0.0,civil-comments-human-crowd-aggregate
civilcomments-d11f4f45a847e8239fd7,Someone is going to get hurt real bad!!,threat,1,0,0,1,0,0,0.5,0.0,0.0,0.5,0.0,0.0,civil-comments-human-crowd-aggregate
civilcomments-ceeb226233bd5f82a17f,It should be mentioned that the kava was made using catchment water. That's the news coming out of the area that this occurred. Untreated catchment water is unsafe to drink. A large percentage of Hawaii island uses catchment.,neutral,0,0,0,0,0,0,0.0,0.0,0.0,0.0,0.0,0.0,civil-comments-human-crowd-aggregate
civilcomments-87013ceb68e38a39cb2f,"Cat 'Bad dividend performance?' Surely you jest!? My divvy income is up 2.7% YTD. It is only March. You still don't understand what SFI meant by 'nice trade'? Aren't you a trader? I just finished explaining it. Unfortunately, since I'm not a trader I didn't realize the perfect 'trade' opportunity it was. And as a 'trader' you should not care about the long term prospects of a stock. That should be meaningless to you. That was a safe opportunity to make money, and that is all you should be concerned with. Or at least that is all a trader should care about. By the way, my source for that info was BNN. I wasn't working and I tune into BNN during the day for background noise when I am not at work. It was no secret. BTW, if you don't want people 'jumping on you', maybe refrain from posting on articles that are obviously outside your style of investing. Or at least being so negative about dividend investing. We don't constantly jump onto Barlow's articles and discredit them",neutral,0,0,0,0,0,0,0.166667,0.0,0.0,0.0,0.166667,0.0,civil-comments-human-crowd-aggregate
civilcomments-0a748499a8e8f0b02e40,What a lying piece of SH_T!,profanity,1,0,1,0,1,0,0.758065,0.080645,0.677419,0.0,0.516129,0.0,civil-comments-human-crowd-aggregate
civilcomments-2bc418ee866a17c87ebf,"So Trump signed the Executive Order today, and the mines are already hiring. My, that was quick. LOL! If it sounds crazy, it is crazy. Why are you spreading fake news and lies?!?! What's your agenda???",neutral,0,0,0,0,0,0,0.375,0.015625,0.0,0.0,0.34375,0.015625,civil-comments-human-crowd-aggregate
civilcomments-52428026424757e5b071,"You mean if we do not give them our oil for nothing they will leave? Dont let the door hit you in the ass on the way out. We should freeze their assets to pay for the damage they cause our economy, and make them pay dearly to come back.",profanity,1,0,1,0,0,0,0.657143,0.028571,0.571429,0.1,0.171429,0.0,civil-comments-human-crowd-aggregate
civilcomments-7c6afa82aac217f0b5b7,"Amen, Mr. Mathis",neutral,0,0,0,0,0,0,0.0,0.0,0.0,0.0,0.0,0.0,civil-comments-human-crowd-aggregate
civilcomments-71a6e8a1102e02c4fd7f,"I've had a very successful life with out one minute of white privilege to help me. You on the other hand don't know what you have earned and what you were given for just showing up white and male. You don't seem to know much about American history. Your ignorance about your own history is another white privilege. You get to pretend to be only an individual, as if you don't live in a society shaped by history.",insult,1,0,0,0,0,0,0.5,0.0,0.0,0.0,0.4,0.4,civil-comments-human-crowd-aggregate
civilcomments-54b465a696d7bd452fb5,"On the surface, that will not work. Parents have to be given the option of making up that difference between voucher value and tuition cost.",neutral,0,0,0,0,0,0,0.0,0.0,0.0,0.0,0.0,0.0,civil-comments-human-crowd-aggregate
civilcomments-3e8782e3d19bdd91aacb,"McClatchy is reporting that Obama and Bush both called up and deployed NG on the Mexican border states, no capacity to arrest but to help ICE agents etc. There may have been protests at the time but nothing like the mock outrage over a proposed strategy offered as if it was actual policy.",neutral,0,0,0,0,0,0,0.0,0.0,0.0,0.0,0.0,0.0,civil-comments-human-crowd-aggregate
civilcomments-731fc113e6392abb32db,"Ontarians must accept this change unless there is something better. The current costs are just too much to bare. For ordinary people, they can't afford to spend so more for electricity. For a lot of businesses, it can mean the difference between staying in business or closing, or employing people for more hours or not. They would rather kick the can down the road because they have no choice.",neutral,0,0,0,0,0,0,0.0,0.0,0.0,0.0,0.0,0.0,civil-comments-human-crowd-aggregate
civilcomments-20962aa6a7c60d8e45b9,"Sadly so. Unfortunately, JP II and Benedict supported the concept that the pope is 'boss' and the Vatican Curia with him. Anything that dioceses do is ""advisory"" and is accepted as such by the Vatican. Let's hope that Pope Francis does not see this diocesan synod as only advisory. Let's hope and pray that Bishop Coyne does MUCH listening to what the people are saying.",neutral,0,0,0,0,0,0,0.0,0.0,0.0,0.0,0.0,0.0,civil-comments-human-crowd-aggregate
civilcomments-12bca279fe7aece4cd6a,Basically Justin broke a campaign promise to reform electoral system and is now rationalizing all kinds of excuses and you jwbeach are enabling him,neutral,0,0,0,0,0,0,0.0,0.0,0.0,0.0,0.0,0.0,civil-comments-human-crowd-aggregate
civilcomments-cfe46427d01c7114fa3d,The fed holds 17% of US Federal Government Debt plus 14% of US mortgages through MBS. They can hold interest rates low for a very long time while unwinding those positions.,neutral,0,0,0,0,0,0,0.0,0.0,0.0,0.0,0.0,0.0,civil-comments-human-crowd-aggregate
civilcomments-4cc7f24ebe087e348dc5,Passenger voluntarily accepts airline's bumping offer.,neutral,0,0,0,0,0,0,0.0,0.0,0.0,0.0,0.0,0.0,civil-comments-human-crowd-aggregate
civilcomments-a945a3fe076b6d1683a1,"Good point. Many people do not realize that the Magisterium existed from the very beginning of the church, as did the latin mass, vestments, gregorian chants and all the things the restorationists revere. Some heretics would even go so far as to suggest that many of these things were developed hundreds of years after the Pope Peter died, and were merely man-made innovations of their time. But I am troubled by your suggestion that corruption is a 1900 year old tradition of Holy Mother Church.",neutral,0,0,0,0,0,0,0.166667,0.0,0.0,0.0,0.0,0.0,civil-comments-human-crowd-aggregate
civilcomments-5d63a37c6fc8346d8497,"So she basically said he's a liar? Were the words ""pants on fire"" anywhere in the letter? She would do best to focus on her own house, which is in an advanced state of collapse, first.",neutral,0,0,0,0,0,0,0.0,0.0,0.0,0.0,0.2,0.0,civil-comments-human-crowd-aggregate
civilcomments-0d6865c51f83b7e883f6,"Turn loose the gods of pollution destroying an entire ecosystem with the worst polluting operation on the planet. The most toxic oil sludge every created with massive amounts of chemical processes destined for a giant, black snake bisecting the continent threatening every riverine system. All destined for Texas refineries for export replacing Alaskan oil and adding to the worldwide oversupply depressing all prices. Canadian greed led by EXXON, that paragon of ecology, with a State Department filled with Oil Slime. Every Alaskan should be appalled as their wealth disappears in the manipulated market ruled by the Oil Monopoly.",neutral,0,0,0,0,0,0,0.2,0.0,0.0,0.0,0.2,0.1,civil-comments-human-crowd-aggregate
civilcomments-ef6ba5bcfbeeb37f8d33,"This is unbelievable. The rest of the world moves on and we can't make a decision on anything. Lets beat this to death for another few years until it goes away. In the meantime we will take a bunch of taxpayer money to build ""infrastructure""!!!",neutral,0,0,0,0,0,0,0.2,0.0,0.0,0.2,0.0,0.0,civil-comments-human-crowd-aggregate
civilcomments-e549393bd6ede11f9904,"The SCOTUS is the only reason I will hold my nose, spit the puke out of my mouth, & vote for that low-life POS Trump.",insult,1,0,0,0,0,0,0.5125,0.025,0.05,0.0125,0.4875,0.025,civil-comments-human-crowd-aggregate
civilcomments-72c2a31a49e3f0ab73cf,"So who pays for the FREE electricity at the EV charging station? Last I checked online, all the EV charging stations were 100% FREE, like this one for example:",neutral,0,0,0,0,0,0,0.0,0.0,0.0,0.0,0.0,0.0,civil-comments-human-crowd-aggregate
civilcomments-fa3c7c620d9b11190562,"This is very Alaskan. If only it had happened near a pot farm, it would be perfect! Kind of an impromptu latent Woodstock! I think the term ""do it in the road"" was coined there!",neutral,0,0,0,0,0,0,0.0,0.0,0.0,0.0,0.0,0.0,civil-comments-human-crowd-aggregate
civilcomments-6fb0c63dde84abf53e02,"Finally something I can say I like about this government. However, the decision hasn't been made yet, so I would not doubt (in all seriousness) that there will be some kind of tax involved. I don't know how it could be possible, but if there's a way to tax something, Liberals will find it.",neutral,0,0,0,0,0,0,0.0,0.0,0.0,0.0,0.0,0.0,civil-comments-human-crowd-aggregate
civilcomments-faf33db1c17874773d6b,Almost half of Canadians who want illegal border crossers deported do not have a clue about the law and in particular our supreme law and the international obligations which we have passed into our domestic law.,neutral,0,0,0,0,0,0,0.0,0.0,0.0,0.0,0.0,0.0,civil-comments-human-crowd-aggregate
civilcomments-b590bc1d459374a971e4,"Really? And yet when Benedict was pope and JPII was pope people praised theologians for going against them. No one criticized them for acting like school boys. Herein lies my point: if dissidence is permitted on the left, then dissidence must be permitted on the right. If speaking truth to power is a good thing when liberals do it to conservatives, then it is a good thing when conservatives do it to liberals. You can't have it both ways.",neutral,0,0,0,0,0,0,0.0,0.0,0.0,0.0,0.0,0.0,civil-comments-human-crowd-aggregate
civilcomments-186e0e9cb60970e0b567,"If Hillary wins and makes it another 4 years health-wise, I suspect Tim Kaine will serve her term while she serves time.",neutral,0,0,0,0,0,0,0.0,0.0,0.0,0.0,0.0,0.0,civil-comments-human-crowd-aggregate
civilcomments-84182e795f2a8977c309,"""There's no way to determine, if the election was properly conducted, how many people would have picked the Republican ballot,"" Babcock said. Ha, ha, ha, ha, ha; picked the Republican ballot in rural Alaska, that's funny! Ballot confusion, voter suppression, and election engineering is caused by the Republican closed primary. One ballot, one voter, that is the way it should be.",neutral,0,0,0,0,0,0,0.166667,0.166667,0.166667,0.0,0.166667,0.166667,civil-comments-human-crowd-aggregate
civilcomments-e65cb07355dfdcab5d67,"The vote to condemn the illegal settlements was 14-0. This is reflective of the entire world, where every country knows and agrees that Israel is wrong and committing blatant violations. Netanyahoo has clearly stated, there will be no Palestinian state as long as he is in power. Israel has never tried to negotiate peace in good faith, all they have done is build illegal settlements and waste time while Palestinian children are killed by Israeli soldiers. Shame on you Israel! Shame on you.",insult,1,0,0,0,1,0,0.5,0.0,0.0,0.1,0.5,0.4,civil-comments-human-crowd-aggregate
civilcomments-85c8d73118943e32c980,"yes, if you like chaos . And since you have probably had your knickers in a knot since a black guy got elected, you haven't noticed the increase in employment, the bailout of auto jobs (which Trump did not support) and so on. Willfully blind my friend?",neutral,0,0,0,0,0,0,0.0,0.0,0.0,0.0,0.0,0.0,civil-comments-human-crowd-aggregate
civilcomments-4058bb94afd83c0d2338,"[I don't see this article mentioning any special interest or advocacy groups being involved.] Correct. The article makes no mention of what else is going on in these parts regarding this issue. These groups are not at all involved in Navy testing. In fact, they are doing their own separate water testing (at Vista Analytical Laboratory) because they do not trust the Navy testing.",neutral,0,0,0,0,0,0,0.0,0.0,0.0,0.0,0.0,0.0,civil-comments-human-crowd-aggregate
civilcomments-a37b4989ef26a13206b7,"the latest polls show the libs crashing and the tory's soaring,, people have had regret already",neutral,0,0,0,0,0,0,0.0,0.0,0.0,0.0,0.0,0.0,civil-comments-human-crowd-aggregate
civilcomments-cc93a2e9254745470223,Republicans discussing ethics is like Hitler discussing peace.,insult,1,0,0,0,0,0,0.5,0.0,0.0,0.0,0.3,0.3,civil-comments-human-crowd-aggregate
civilcomments-fdd118154cd8ee21d12b,Get used to it. You've voted a lying sack of dung into office.,insult,1,0,0,0,1,0,0.569231,0.015385,0.123077,0.0,0.538462,0.0,civil-comments-human-crowd-aggregate
civilcomments-d9e1e1e1577db6b647dc,"""Catholics in general voted for Trump over Clinton 52 percent to 45 percent."" This takes my breath away. 52% of my fellow Catholics decided racism, xenophobia, misogyny, meanness, bullying, bragging about sexual violence, etc., etc. are OK?????? That those characteristics should be set aside to elect Trump president? I have no words.",insult,1,0,0,0,0,0,0.6,0.0,0.0,0.1,0.3,0.4,civil-comments-human-crowd-aggregate
civilcomments-9e1f025ee1dd052d5164,"Urbanization. The cutting down of forests, paving over of farmland is a big, big contributor that the elites don't want to discuss.",neutral,0,0,0,0,0,0,0.0,0.0,0.0,0.0,0.0,0.0,civil-comments-human-crowd-aggregate
civilcomments-7436007a1eb08f1d820a,Larry wolf. Another Richard Rhyner. The two of you are dramatically lowering this state's IQ level.,insult,1,0,0,0,1,0,0.6,0.0,0.0,0.0,0.5,0.0,civil-comments-human-crowd-aggregate
civilcomments-f4c1125aa5a85a2da358,"""intending to “get high one last time...."" Cough**bullshet**",profanity,1,0,1,0,1,0,0.9,0.0,0.7,0.1,0.5,0.1,civil-comments-human-crowd-aggregate
civilcomments-f4c73f2c2971e659171e,"Gays and Lesbians and others kept swearing that they would NEVER force a Church to perform marriages for them if they got the right to get married. Well they received the right to get married but that's not good enough for them............they have to try to force everyone else to be miserable and to try to force them to accept their sexual deviations from the norm. Hey FYI, homosexuality is a SEXUAL PREFERENCE, it is NOT A MINORITY RACE.......IT does not have the right to take the rights of others religious beliefs away.",identity,1,0,0,0,0,1,0.8,0.0,0.0,0.0,0.3,0.7,civil-comments-human-crowd-aggregate
civilcomments-d507e2516e8f3a2fbb23,"I love political debate. I am not going to kick you out of my house for your belief that tax cuts are going to stimulate the economy or that welfare creates dependency. But in my house we are huge on respect, especially respect for women, and I will kick you out of my house for not only condoning, but supporting a man like Donald Trump.",insult,1,0,0,0,0,0,0.5,0.0,0.2,0.3,0.4,0.1,civil-comments-human-crowd-aggregate
civilcomments-aeb4e2c8f9b2e528f19a,"I'm disappointed with both our choices this year, but I do have to wonder why people continue to look at Hillary as some kind of champion for women and children who has made great changes in this world, and who would do great things for our country. Are you referring to the Clinton Foundation and their work? Believe me, as someone who has worked in international development for many years, the Clinton foundation has a horrific reputation on the ground, and I don't know anyone (most of whom are super liberal so this is not a partisan concern) who would work for them. And her corruption is so out in the open now - you really can't deny it. I get the concern over Trump, but for myself the concern is equally there as relates to Clinton. I'm flabbergasted when people believe the allegations against her are because she is a woman. There is way too much proof to view this as some sort of misogynistic conspiracy.",neutral,0,0,0,0,0,0,0.0,0.0,0.0,0.0,0.0,0.0,civil-comments-human-crowd-aggregate
civilcomments-c56070f71d1dd02616cc,"You need to look up ""labor participation rate"". There are over 90 million working age Americans who are not in the workforce, and who are NOT counted as unemployed. If US unemployment numbers were calculated using the same formula as 30 years ago, the actual number would be over 20%.",neutral,0,0,0,0,0,0,0.0,0.0,0.0,0.0,0.0,0.0,civil-comments-human-crowd-aggregate
civilcomments-627d5bc8df6d1b1d76bc,"Well Well! It's even harder here to have a discussion with pre-formed thinkers, such as those who dwell on the right wing of the Catholic bird, and who like to display their faux knowledge of Aquinas' philosophy and theology. Ol' Tom the Dumb Ox would surely be having a HUGE laugh at pre-formed comments like the ones you and your right-wing friends habitually post here, RD! As if you don't already know that!",neutral,0,0,0,0,0,0,0.3,0.0,0.0,0.0,0.3,0.2,civil-comments-human-crowd-aggregate
civilcomments-d67277b28ebefb85facc,White privilege? Cry little ones!,identity,1,0,0,0,0,1,0.7,0.2,0.0,0.0,0.3,0.6,civil-comments-human-crowd-aggregate
civilcomments-ba9ec674a1cc61843990,"I am still amazed that people actually voted for Trump. I thought better of the right. But what kind of a wanker do you have to be; how delusional; what kind of messed-up self image do you have to have in order to see yourself in Trump? Is being like Trump your aspiration? Ugh. And what kind of nihilistic idiot do you have to be to vote for a man who has put so many unfit people in charge of blindly destroying so many important departments and institutions in our nation? Thanks to Trump, we now have an unbelievably ignorant, old, white male racist elitist who is the top law enforcement officer in the nation: Sessions. He is determined to turn the clock back to a time when male white power was supreme and anyone who wasn't part of that elite group was required to bow to it. I'm proud to say I have absolutely nothing in common with Trump supporters. Nothing, nada, zilch. I really don't know how they can live with themselves.",insult,1,0,0,0,1,0,0.6,0.0,0.0,0.0,0.6,0.3,civil-comments-human-crowd-aggregate
civilcomments-916021d405beb6a65da4,"The article, Muslim groups, and most German politicians correctly point out that the vast majority of asylum seekers are ordinary, non-violent people who sought refugee from being bombed or beheaded by the likes of ISIS. But of course the right-wingers will use the politics of fear to motivate their cowardly followers to believe that all Muslims are potential terrorists. They're not. Personally, I pity the people who have too little life experience or intelligence to understand that simple fact.",insult,0,0,0,0,1,0,0.4,0.0,0.0,0.0,0.5,0.4,civil-comments-human-crowd-aggregate
civilcomments-2f1ee0e34ac1269c4065,"Why is Hillary's finances more concerning than tRump's, 55? Because she's a savvy professional woman who care about other human beings? Why is it that Hillary has come forward with her tax reports and other financial matters and your slippery tRump hasn't? I guess we can add another name to his growing aliases: slippery pig.",insult,1,0,0,0,1,0,0.7,0.0,0.0,0.0,0.7,0.0,civil-comments-human-crowd-aggregate
civilcomments-24a582a9e46f9f4c280d,"This comment section is what happens when folks with no policy experience opine about capital construction projects they don't understand involving regulations they've never heard of. They've never costed a project like this, they have no idea what engineers and architects cost, and they won't. I applaud the effort and collaboration necessary to pull of a project like this, regardless of the peanut gallery who found out about it today, and are suddenly expert buyers, policy makers, project managers, cost accountants, and visionary servants of the public good.",neutral,0,0,0,0,0,0,0.0,0.0,0.0,0.0,0.0,0.0,civil-comments-human-crowd-aggregate
civilcomments-3317e545a00e76b7df1c,"I say we either annex Mexico and make their lives better, or kick the shit out of the bad guys there, and then do a bit of nation building. They aren't coming here for just the (low) wages. My kids just got back from Mazatlan for dental work. Luckily they had a sponsor down there. He provided body guards. My landlord knows someone from her church who did the same thing, only no bodyguards. He was robbed and then shot to death, while his wife was taking a nap in their hotel. Those illegals may just be fleeing from the murderous drug gangs that infect all of Mexico. And, their super corrupt government!",insult,1,0,0,0,0,0,0.528571,0.042857,0.128571,0.085714,0.457143,0.242857,civil-comments-human-crowd-aggregate
civilcomments-f5771266553db38beb9f,"Fake news, propaganda, inspired by governments and delivered by MSM is responsible for all our wars and social suffering. It began with Edward Bernays, Sigmund Freud's nephew, worked with Woodrow Wilson to establish the official US department of propaganda, still growing today, to fool the US population to support entry in WW1. All propaganda works the same way. First the issue is made emotional to the target, so the facts won't matter. Like our newly popular word ""post-truth"". Then the target is given misinformation, lies, to spring the trap. Our only defence is to value, demand and scutinize the truth before we succumb to basic emotions engineered by lies.",neutral,0,0,0,0,0,0,0.0,0.0,0.0,0.0,0.0,0.0,civil-comments-human-crowd-aggregate
civilcomments-23259d291e8fe1ef13c5,"If I were of German descent and name, I would be very careful to criticize a county full of Jews.",identity,1,0,0,0,0,1,0.7,0.0,0.0,0.0,0.2,0.6,civil-comments-human-crowd-aggregate
civilcomments-2aca407bf3d3924e1b2d,"The response of the GOP has simply sickened me. Good on McCain and Graham, but where are the rest? How many have sold their souls to Trump for access to power. That's a sale for nothing, since Bannon will not share power with anyone, and now he sits on the National Security Council and the Joint Chiefs and National Director of Intelligence don't. I expect zero from the USCCB. Trump will announce his Supreme Court pick tomorrow and then we will see the USCCB fall all over themselves. Hopefully the media has enough brains not to flood the air waves with his pick while Homeland Security is still violating court orders. No point in making a Supreme Court pick if the Trump administration refuses to recognize the authority of the judiciary. It's just more smoke and mirrors.",neutral,0,0,0,0,0,0,0.0,0.0,0.0,0.0,0.0,0.0,civil-comments-human-crowd-aggregate
civilcomments-dd4b85f3748947832c87,"As a society it makes no sense to restrict people from suicide, yet be OK with providing drugs that are extremely detrimental to life. Financially, it is much cheaper for society to provide the drugs in a specified area than pay personally or through tax dollars spent for criminal acts resulting from addicts doing anything to make money. Less money spent on insurance, loss of property, police protection from crimes, police arresting addicts, court systems with lawyers, judges, emergency service workers ... a vast number of issues arising from addiction. But is supplying addicts with drugs a slow form of a death sentence if there is no action to rehabilitate included? Families of addicts need to voice their opinions as the addicts themselves have scrambled brains. Can you imagine if society had more concern with why addicts started using in the first place even when they know the outcome resulting from addiction.",neutral,0,0,0,0,0,0,0.0,0.0,0.0,0.0,0.0,0.0,civil-comments-human-crowd-aggregate
civilcomments-09499199c5b0ca49e908,"Oh okay Land Voucher, that makes everything acceptable. One can only assume you are a staunch member of the Good 'Ol Boys Club. As long as the fools don't know you're laughing at them, it doesn't matter right?",insult,1,0,0,0,1,0,0.6,0.0,0.0,0.0,0.6,0.0,civil-comments-human-crowd-aggregate
civilcomments-3ced73bb7119c32afbb6,Maybe life is crueler to some than others and preparing meant merely surviving a chronic illness or accident or being a victim of a violent crime. Shit happens and it's not always the other guy that it lands on.,profanity,1,0,1,0,0,0,0.8,0.2,0.7,0.0,0.3,0.0,civil-comments-human-crowd-aggregate
civilcomments-db5b832e3cc1edf8e188,"Unless the Kenai District unseats Chenault and South Anchorage unseats Kevin Meyer, nothing will change. It won't matter who is elected, unless of course, the Democrats take the majority. When the election gets here, voters will go for name recognition, or party loyalty, and we will never be heard. Sad, but true.",neutral,0,0,0,0,0,0,0.0,0.0,0.0,0.0,0.0,0.0,civil-comments-human-crowd-aggregate
civilcomments-65a880d6d6d40295b3b1,Leonard Pitts is a race baiting idiot. I am tired of the garbage he writes.,insult,1,0,0,0,1,0,0.898305,0.016949,0.101695,0.0,0.881356,0.067797,civil-comments-human-crowd-aggregate
civilcomments-d193df1b33fafd21b580,"The weather hasn't been great for golf of late. Too much rain. I and my golf buddy formed a 'human resilience-building team' and used the ""adversity as a catalyst to learn, grow and thrive."" My putting still needs a little work, though. Putting seems to be the area where I need to ""learn simple skills to calm [my] mind and body in the midst of adversity.""",neutral,0,0,0,0,0,0,0.0,0.0,0.0,0.0,0.0,0.0,civil-comments-human-crowd-aggregate
civilcomments-331f622962e74d5b0c54,"Spen: Fighting against things the USA does that I find wrong is not exclusive with fighting against corruption in the White House. This seems to be a new theme with Republicans. We get it most Republicans are old and can't do more than one thing at a time, but us young bucks have no problem protesting coal ash in water/US wars in the Middle East/and wanting to investigate Trump.",neutral,0,0,0,0,0,0,0.0,0.0,0.0,0.0,0.0,0.0,civil-comments-human-crowd-aggregate
civilcomments-ad71dedd6693ff43bbae,Paying the jizyah?,neutral,0,0,0,0,0,0,0.0,0.0,0.0,0.0,0.0,0.0,civil-comments-human-crowd-aggregate
civilcomments-da12f08eeb8a7e10e92b,I question the spending of gobs and gobs and gobs of money on Solyndras.,profanity,1,0,1,0,1,0,0.8,0.0,0.7,0.0,0.6,0.0,civil-comments-human-crowd-aggregate
civilcomments-cd45ba127f85bea6d5cb,"So, good news first: It is always interesting to hear others viewpoints, someone can learn from. But then it turns to a prostitute writing god knows for whose benefit. I only hope that the writer is not doing this massacre for the lack of knowledge reason. It may well be that he is following a clear cut american journalists in the sense of etiquetting whatever it may take place. If he is using a press power then there is no place for incompetent approaches. We need clever press so please get rid of such writings. Lesson one: ISIS is not a product of Assad. It requires so much refinement that it would strech over the limits of this comment. Lesson two: go back to Sykes-Picot agreement to seize the whole disaster of foreign reign. And then one journalist comes on board even not knowing what nation state means. The next two lessons may well have some sense.",neutral,0,0,0,0,0,0,0.166667,0.0,0.0,0.0,0.0,0.166667,civil-comments-human-crowd-aggregate
civilcomments-8cdb299eddcecb903d17,This is what you get when you vote in left-wing Socialist governments. These sites DO NOT help stop the drug abuse.,neutral,0,0,0,0,0,0,0.166667,0.0,0.0,0.0,0.0,0.166667,civil-comments-human-crowd-aggregate
civilcomments-8d97052e45311bc55ebf,so where s your proof? its easy for shit talkers like you to acuse when hes not here to defend himself. id like to take a peek into your closet jim.,profanity,1,0,1,0,1,0,0.848485,0.060606,0.772727,0.0,0.757576,0.0,civil-comments-human-crowd-aggregate
civilcomments-3ffc500eb96a7202b85e,"I stopped the paper edition of the Star years ago as it was a huge waste of pulp, especially the Saturday. And also the content and editorial view started getting very mediocre and slanted. It's just a weak product now.",neutral,0,0,0,0,0,0,0.0,0.0,0.0,0.0,0.0,0.0,civil-comments-human-crowd-aggregate
civilcomments-63ed90507b46436f25b5,"I would like to respectfully, and factually correctly, point out that there are far more crimes against jews than against muslims, even though there are probably twice as many muslims as jews in Canada now. A jew is 10 times more likely to be a victim of a hate crime than a muslim. I would also like to point out that it's jews getting the abuse in our universities and colleges too.",neutral,0,0,0,0,0,0,0.0,0.0,0.0,0.0,0.0,0.0,civil-comments-human-crowd-aggregate
civilcomments-b058987a5984aeaaf88c,"I wouldn't say he's paranoid. I think he's lived a life that has benefited from saying whatever comes off the top of his head - which is often a random thought, a lie, or something the last person he talked with told him. And then he just goes with it, doubling down and to heck with the consequences. Terrible for the country and our standing in the world. If any other world leader did this kind of thing, we'd brand him a lunatic.",insult,1,0,0,0,1,0,0.5,0.0,0.0,0.0,0.5,0.0,civil-comments-human-crowd-aggregate
civilcomments-0fec8c1bd39e5bc63396,"No surprise that the Trump crowd of comment authors would twist the senator's call for grass roots action (including street protests) into a call for street violence -- after all, their candidate's whole campaign was based on 'The Big Lie' (see Mein Kamph). As to the obvious change in the senator's position, I applaud his expression of an evolutionary change in outlook and willingness to learn from past bad outcomes - sign me up!",neutral,0,0,0,0,0,0,0.0,0.0,0.0,0.0,0.0,0.0,civil-comments-human-crowd-aggregate
civilcomments-b7554667b20eca594df3,"What are you talking about? YOU are the problem; balance the damn budget without using savings. He was able to do your job before the legislative session, you and your colleagues haven't been able to do your job as of half a year later.",profanity,1,0,1,0,0,0,0.6,0.1,0.6,0.0,0.3,0.0,civil-comments-human-crowd-aggregate
civilcomments-c79a5d47491a3c96daff,"I was John Hendry Heckendorn's age when I started my small oil and gas company in Alaska in 1986 with 100 investors I hope he has great success helping the Governor make things better for everyone in the oil and gas Industry, so Alaska can prosper once again. It is hard work being successful but with honesty and hard work we overcame the state's attacks on our small company, called Denver Alaska Nippon Company ( DANCO). DANCO beat the DNR abuse in court in 1995 under Judge Anderson to win our Redoubt Oil and gas field that is now in it's 17th year of production. I hope Alaska government will not fight to keep the young free enterprising Alaska oil and gas out competitors out of Alaska's oil and gas Industry like the state has before. I wish Governor Walker and John Hendry's ""Ship Creek Group"" the very best. I will be praying for a much better future in Alaska's oil and gas Industry, hopefully Alaskans and small oil and gas companies will not be shut out of the oil prosperity",neutral,0,0,0,0,0,0,0.0,0.0,0.0,0.0,0.0,0.0,civil-comments-human-crowd-aggregate
civilcomments-ed63fedc407067472884,"But that's what a lot of us do, though. I decided that I would rather drink at home with friends at a social dinner, or in a wine bar, or a cozy little pub where drinking is secondary to conversation than to go to bars or nightclubs where drinking was the goal, and getting laid was the second goal. Did I bust the victim narrative by making a conscious choice to change how I approached drinking to minimize my chances of running into drunken jerks in packs and their collective bravado? Can I safely tell my daughter about my choices, which provably worked, without getting reviled for victim blaming?",insult,1,0,0,0,1,0,0.5,0.0,0.1,0.0,0.5,0.1,civil-comments-human-crowd-aggregate
civilcomments-4e004d44e425fdee9196,"No, no, no! They need to leave the casings all over the ground silly :-)",threat,1,0,0,1,1,0,0.7,0.1,0.1,0.5,0.8,0.0,civil-comments-human-crowd-aggregate
civilcomments-8a3ee12e72fe4d04a38d,"White people have organized crime, we have Chief and council, Cree Comedian on APTN talk show.",identity,1,0,0,0,0,1,0.8,0.0,0.0,0.0,0.3,0.8,civil-comments-human-crowd-aggregate
civilcomments-3b05ef2b564e9d652a62,i am a landlord and i have the rite to rob poeple....,neutral,0,0,0,0,0,0,0.0,0.0,0.0,0.0,0.0,0.0,civil-comments-human-crowd-aggregate
civilcomments-ea7bfccf605e8133fa61,"im telling you..there all doing it...a write off from first day in office to the final hour in office,100 % deductable and innapropiate dealings like this,conflict of interest,oh yeah..seems dark dealings,out of the public eye.entitlements galore not to mention the huge ass pension,follow the money,beware of the double speak and the hilary two step...aka.the fairbanks okee doke.....opinion of one ..adn is now engaging in censorship it seems with these new edit controls..not to mention comment weeding on a regular.............",profanity,1,0,1,0,1,0,0.8,0.1,0.8,0.0,0.6,0.0,civil-comments-human-crowd-aggregate
civilcomments-485a13ddaf690ec7813a,"Canadian...really ""concerned"" ?...and has so brilliantly perfected the art of peeing on Québécois while telling them it's raining and he said; ""...'equalization' aka welfare payments without contributing a dime into it..."" I wanted to just show you how your displayed crass ignorance is based on a racial prejudice backward without limit ! Do you know dear Ku Ku Klown (KKK) Québec is sending 50Billion$CND to Wawa? Votre cervelle a cessé de fonctionner-un redémarrage pourrait corriger le problème. The Québec population is equal to 6 (out of 10) provinces combined; Prince Ed. Island + Nova Scot. + N. Brunswick + Newfoundland + Manitoba + Saskatchewan... get it, oui ?...it's where the money for transferts payments for Québec ...ABOUT Equalization ? Primo; It’s Québécois money in Canadian dollars Secondo: Every province (including Alberta) gets transfer payments from Ottawa. (more to come)",insult,1,0,0,0,0,0,0.5,0.1,0.0,0.0,0.4,0.1,civil-comments-human-crowd-aggregate
civilcomments-6e7dc97fc6b43534d0ac,"We are way past prevention we are at health disaster from neglecting this problem for far too long. This should have been addressed in the first decade of this millennia, WE NEED REHAB CENTERS TO REHABILITATE PEOPLE NOW! PERIOD!. We also need to be running PSA's telling kids to not do it, and truth about how bad it is and what it does to you not exaggerated lies.The Truth: theres a really good chance you will need a lot of help quitting if you even can, if the heroin doesn't kill you first theres a good chance you will get AIDS, Hep or some other blood born illness. Suicide , and over dose are the most common deaths of heroin addicts, also on the way you will probably start stealing from friends&family, and be ostracized from them. Also the schools need to amp up an ""I wont touch heroin campaign"" but with a much catchier slogan. Just acknowledging theres a problem way after it has been public knowledge for a long time is nothing in it self. Actions Speak Louder than Words Gov'r.",neutral,0,0,0,0,0,0,0.2,0.0,0.0,0.0,0.0,0.0,civil-comments-human-crowd-aggregate
civilcomments-0bb6d6164fbb837e3779,Mmm - sounds like something a DRPK spy troll would say.,insult,1,0,0,0,1,0,1.0,0.166667,0.166667,0.0,0.833333,0.0,civil-comments-human-crowd-aggregate
civilcomments-d74270b68653441bc789,"You are obviously looking at him through rose coloured glasses. Listen to the ""ah's"" in every sentence. I definitive sign of insecurity and confusion. He is a boy wearing a man's shoes, sliding around until he falls. As for Trump he is a fool drowning in a sea of vanity and hair dye.",insult,1,0,0,0,1,0,0.833333,0.0,0.166667,0.0,0.833333,0.0,civil-comments-human-crowd-aggregate
civilcomments-ed73e4db636c807b88e4,if she had not had on those low cut clothes she would not have been raped. Blame the victim you false liberals.,insult,1,0,0,0,0,0,0.7,0.0,0.0,0.1,0.4,0.1,civil-comments-human-crowd-aggregate
civilcomments-df4657e4546599e430e4,"Here's the real problem. Rush Limbaugh performs a live lobotomy daily tying half his brain behind his back, and has turned the GOP into a bunch of Yahoo's. The Yahoo's are a people found in Gulliver's Travels, who found the biggest idiot amongst themselves and made him King supreme. They heaped great praise on their king, scratching his ear, in spite the fools policies detriment to the whole. They only replaced their king when a bigger idiot came along. Therein the problem of the GOP. How in the he11 do you replace Bush/Cheney? Since Limbaugh only hides behind a microphone and will not run, it is Trump who is up for the job.",profanity,1,0,1,0,1,0,0.7,0.0,0.5,0.0,0.6,0.0,civil-comments-human-crowd-aggregate
civilcomments-989c4b4d083853eb1768,Another ad hominem. I repeat the teaching of Holy Mother Church on matters of Faith and Morals most of which you do not accept. I would say that what I write is building the Church up. I would suggest it is yourself who is doing the tearing down by your wholesale rejection of Catholic doctrine and dogma.,neutral,0,0,0,0,0,0,0.0,0.0,0.0,0.0,0.0,0.0,civil-comments-human-crowd-aggregate
civilcomments-8198964abedf53f6397a,"It's coming from the UN, EU, US, etc, etc, etc... learn how to spell, War on Drugs? Vote Kash for Klunkers, now playing at a drug running operation from the White House. Fast and Feeble! ""While in his home town in Davao City, Duterte said, ""I say to them, fuck you. You're doing it in atonement for your sins"" in response to their condemnation of extra-judicial murders. He repeated his comments, stating that, ""the EU has the gall to condemn me. So I repeat it. Fuck you"".""",profanity,1,0,1,0,1,0,0.822581,0.112903,0.806452,0.080645,0.774194,0.016129,civil-comments-human-crowd-aggregate
civilcomments-7f7025fb26b99406e8f7,"Just so long as you admit that the reason for starting a government meeting with a prayer, is to force your fundamentalist Christian beliefs on everyone else.",neutral,0,0,0,0,0,0,0.0,0.0,0.0,0.0,0.0,0.0,civil-comments-human-crowd-aggregate
civilcomments-2c53f1f9da736370a8f2,Why? Big oil owns the Reformacons. Just ask Presto about his good buddy Clayton Riddell.,neutral,0,0,0,0,0,0,0.0,0.0,0.0,0.0,0.0,0.0,civil-comments-human-crowd-aggregate
civilcomments-fdcf18a200d533471ec9,"Dana Milbank is one of the worst leftist liberal writers there is...just despicable, IMO. There is No Doubt whatsoever that Barry Sotero, aka Barack Husseing Obama is heavily invested in his self concept as a Muslim. All one needs to do is read his comments he has made (and NOT made) regarding Muslims, juxapositioned with his non-pulsed reactions to Christians being murdered. Has anyone ever asked Obama why he changed his name? We all know Cassius Clay became ""Muhammad Ali "" when he became a Muslim. Why the big secret?",insult,1,0,0,0,0,0,0.5,0.0,0.0,0.0,0.4,0.3,civil-comments-human-crowd-aggregate
civilcomments-bfa6be4cfc1b2cf026bc,"Maybe they should be black to celebrate victims of everything, everywhere.",identity,1,0,0,0,0,1,0.684211,0.013158,0.026316,0.013158,0.263158,0.684211,civil-comments-human-crowd-aggregate
civilcomments-6882d4ba2586a4e70abd,Nice try but missing a critical STEM factoid: Storage capacity is not measured in Watts or Kilowatts - but Kilowatt Hours. Until articles such as this provide more actual STEM based detail they are little more than propaganda. I for one do not believe the near future $ 1 Billion busines projection !,neutral,0,0,0,0,0,0,0.0,0.0,0.0,0.0,0.0,0.0,civil-comments-human-crowd-aggregate
civilcomments-e9272d127aee730694a3,He was literally denied a judgeship because he was deemed too racist And that is a very rare thing to happen So spare us your defense of his racism,neutral,0,0,0,0,0,0,0.0,0.0,0.0,0.0,0.0,0.0,civil-comments-human-crowd-aggregate
civilcomments-711c6e7a0348e3978f79,People can't find science related jobs in Canada. I know a few families where one of the members moved to France or Germany to work on science projects. The families unite only on vacations.,neutral,0,0,0,0,0,0,0.0,0.0,0.0,0.0,0.0,0.0,civil-comments-human-crowd-aggregate
civilcomments-92159adafb7406b854f9,"Holy crap Hahahaha I literally laughed so hard I almost peed myself!! Hahahaha (Wipes tears from eyes). James you nearly killed me lol Seriously I'm sure she was screaming and crying for help! Hello, she jumped in freezing freaking water what else was she going to do? Obviously she wasn't saving herself lol she didn't rip the balls from her predator and swing them victoriously above her head while pushing him into the river and shouting triumphantly for someone to assist him. The sensitivity of some people is just absolutely ludicrous. Just be happy she got away fairly unscathed lady geez. You're really going to nitpick words at a time like this? Pretty sure the woman is just happy to get away without being raped. Last thing she's thinking is gee how could they write the words screamed and cried for help..... (Blatant sarcasm)",profanity,1,0,1,0,0,0,0.75,0.0875,0.6125,0.075,0.475,0.0375,civil-comments-human-crowd-aggregate
civilcomments-2fe4c25a6af8f9ebd95a,Don't vote for anyone.,neutral,0,0,0,0,0,0,0.0,0.0,0.0,0.0,0.0,0.0,civil-comments-human-crowd-aggregate
civilcomments-d691fe4778b33556b2b1,Being told what the punishment is for breaking Federal Law is not a threat...#MAGA,neutral,0,0,0,0,0,0,0.0,0.0,0.0,0.0,0.0,0.0,civil-comments-human-crowd-aggregate
civilcomments-88a69b0c7240555165d7,What will Globe say if the investigation will find that was not Syrian Forces chemical attack? You people are so foolish to assign blame without proof and much more without a motive to use chemical weapons. And of course we have now Trump who needs to prove something. What next - that is the question. By the way you think that by removing Assad you will have stopped the civil war in Syria? How naive can you be?,insult,1,0,0,0,1,0,0.507692,0.0,0.015385,0.030769,0.507692,0.015385,civil-comments-human-crowd-aggregate
civilcomments-0ee69c86717f3bcdf4f2,"Actually, Islam has Abraham in their Koran. They believe Jesus was a prophet. So no they are not anti-christ. I've seen some evangelists that seem pretty anti-christ to me.",identity,1,0,0,0,0,1,0.4,0.0,0.0,0.0,0.3,0.5,civil-comments-human-crowd-aggregate
civilcomments-9a89a496beee8f3662f4,Trump is a foul-mouthed bully with a divisive message of hate and fear. Is that the role model of a president we want for our children ?,insult,1,0,0,0,1,0,0.833333,0.0,0.0,0.0,0.833333,0.166667,civil-comments-human-crowd-aggregate
civilcomments-9f04f9463e3ea71871e5,"I'm in complete agreement with DeSanctis. In fact, as a post-Vatican II Catholic, this nostalgic re-envisioning of church interiors and ritual is one of the reasons I decided to leave. I was raised and then educated, formed and worked as a lay minister by and in an institution who worked very hard encourage full participation of the laity, creating less of a sense of the priest being superior in some way. Under Benedict's reign, I saw these acts of encouragement and welcome slowly (and sometimes not so slowly) stripped away. The two final straws for me was when our Parish Director was stripped of her preaching rights, and when our new (conservative) pastor re-instituted a formal ceremony for installing the left-over hosts in the tabernacle. I swear to God, as the communion ministers bowed in supplication and then turned the key in the lock I heard the heavens shout, ""Jesus has left the building."" Indeed, it seems he has. Lauri Ann Lumby Temple of the Magdalene",neutral,0,0,0,0,0,0,0.0,0.0,0.0,0.0,0.0,0.0,civil-comments-human-crowd-aggregate
civilcomments-bc0aaa2fd509a8d05cef,"I don't like it. I didn't like it when I saw kids with phones stuck to their faces, now EVERYBODY has a phone stuck to their faces and nobody TALKS! I especially don't think it's healthy for kids to watch all this crap instead of PLAYING OUTSIDE. Kids need to run around and play and use their imaginations. Parents need to quit letting kids sit in front of screens all day.",neutral,0,0,0,0,0,0,0.3,0.0,0.0,0.0,0.2,0.0,civil-comments-human-crowd-aggregate
civilcomments-d86d9e645704d1aca188,"So far Mexico has not been invaded by militant Islam.. When 2-4 million Muslims drop in, (it will happen) what will Mr Fox do with the new comers who piss on Mexico's Hispanic / Aztec, Catholic history culture and society?",identity,1,0,0,0,0,1,0.3,0.0,0.1,0.1,0.4,0.5,civil-comments-human-crowd-aggregate
civilcomments-d9cb1d9dc591e98ec588,"Yea, this guy probably complains about Trump. I've see a lot of people like this in Comic Books!",neutral,0,0,0,0,0,0,0.0,0.0,0.0,0.0,0.0,0.0,civil-comments-human-crowd-aggregate
civilcomments-01537854260893522285,"We best heed your words Nancy, if this country is to survive. Too many people seem to take delight in the failings of others. I don't know if it is a case of ""misery loves company"" or what? But if we expect our kids to grow up and act like mature adults that know how to communicate, cooperate, and solve the problems of the future, we better start toning down the negative rhetoric of politics and start acting like mature adults ourselves.",neutral,0,0,0,0,0,0,0.0,0.0,0.0,0.0,0.0,0.0,civil-comments-human-crowd-aggregate
civilcomments-b65fc5d0c9e91a5c7207,Much love to you and yours.,neutral,0,0,0,0,0,0,0.0,0.0,0.0,0.0,0.0,0.0,civil-comments-human-crowd-aggregate
civilcomments-f8121b058bf475449bd2,"I completely disagree with you on many aspects of ""HAVE"" to comply or die standards used by many police officers who use this ""authority to murder their fellow Americans. Look at the man selling cigarettes on the corner - he should maybe have received a $5 dollar ticket and the cop walks away into oblivion, but no - the macho attitude of God comes into play. Another issue is in the 1950's policemen had to be a certain height and weight, now with women out on the streets they ""fear"" the male's larger build and strength. I don't have the answer but a traffic stop with hands in the air there is no reason for a death. I hope they give her the electric chair or hang her for this murder as an example to the American public of zero-tolerance of police treating their fellow Americans like animals or undesirables with no rights whatsoever to question an officer's conduct to ""have"" to comply. He could have been shot in the leg or tasered.",insult,1,0,0,0,0,0,0.5,0.1,0.0,0.4,0.2,0.1,civil-comments-human-crowd-aggregate
civilcomments-b4f25d99d47c634ecdf8,"Canadians embarass me, not the Trumps. The mayor running Vancouver is another George Soros stooge. Canadians hate successful people unless you are a drug dealer, a hockey player or a celebrity. Bottom feeders are heroes here.",identity,1,0,0,0,1,1,0.7,0.1,0.0,0.0,0.6,0.7,civil-comments-human-crowd-aggregate
civilcomments-499ac33173e82e0e40d6,"""Trudeau doesn't care about progressive/non-progressive (whatever that supposedly means) he will happily silence anyone who disagrees with him."" That's just silly.",insult,1,0,0,0,1,0,0.5,0.1,0.1,0.1,0.5,0.0,civil-comments-human-crowd-aggregate
civilcomments-9a407edf0f59bf31d222,Not to mention Pork,neutral,0,0,0,0,0,0,0.2,0.0,0.0,0.0,0.2,0.0,civil-comments-human-crowd-aggregate
civilcomments-6ce6a28bc1bed10453b1,"If, as you say ""only a fool would vote for Socialists"" what kind of person would vote for Christy Clark's Liberal Party? Don't tell me they're smart folks!!",insult,1,0,0,0,1,0,0.833333,0.0,0.166667,0.0,0.833333,0.0,civil-comments-human-crowd-aggregate
civilcomments-ff80cf583d5f2c377992,Throwing the coach under the bus for a mediocer team. Nice club atmosphere! NOT!,insult,1,0,0,0,1,0,0.5,0.0,0.0,0.2,0.5,0.0,civil-comments-human-crowd-aggregate
civilcomments-637795b6a4ba79e76036,It is the corrupt lying President that creates conflict with the media. Do you actually think politicians tell the truth and Donald Trump in particular tells the truth? Get real.,insult,1,0,0,0,1,0,0.6,0.2,0.0,0.0,0.6,0.1,civil-comments-human-crowd-aggregate
civilcomments-c78c2ff8c03155038feb,Pretty sure John Barron could explain this,neutral,0,0,0,0,0,0,0.0,0.0,0.0,0.0,0.0,0.0,civil-comments-human-crowd-aggregate
civilcomments-03a598c9d91310461950,"no, merely stupid",insult,1,0,0,0,1,0,0.786885,0.0,0.180328,0.0,0.786885,0.0,civil-comments-human-crowd-aggregate
civilcomments-7f87039bb1a7938c948a,"I did not say anything about being in a wheelchair, I said he did not show any sign of being sick until the last term of his presidency. That would also mean he did not look sick. Good gracious, you are really, really determined to parse words attempting to paint anyone who believes different than you do as an idiot, yet you continually fail when the facts are presented in proper context.",insult,1,0,0,0,1,0,0.8,0.0,0.0,0.0,0.8,0.0,civil-comments-human-crowd-aggregate
civilcomments-1ad14bc800d276567eb0,HOAs are such crap. Telling people what they can and can't do on their own property. WTF.,profanity,1,0,1,0,1,0,0.861538,0.107692,0.784615,0.0,0.769231,0.015385,civil-comments-human-crowd-aggregate
civilcomments-2b9642ed1d002857c6a4,"Well if there's one thing everyone can agree on, it's that border guards need more power.",neutral,0,0,0,0,0,0,0.0,0.0,0.0,0.0,0.0,0.0,civil-comments-human-crowd-aggregate
civilcomments-3982fd3193d19b001eb2,"It's not a matter of my being happy. I just think that people who comment on this section should state opinions and views based on logic, reason, facts and good common sense. Your initial comment is quite condescending and without any basis to support it.",neutral,0,0,0,0,0,0,0.2,0.0,0.0,0.0,0.2,0.0,civil-comments-human-crowd-aggregate
civilcomments-f9b05bd1df5d2018bc15,"I'd ask, ""Why torment an idiot?"" But you wouldn't know if I was talking about Kim Jong-Un or about President Trump, would you?",insult,1,0,0,0,1,0,0.787879,0.030303,0.212121,0.0,0.787879,0.030303,civil-comments-human-crowd-aggregate
civilcomments-e313cebb9a9617d40dab,Were they given a choice to write in Bernie?,neutral,0,0,0,0,0,0,0.0,0.0,0.0,0.0,0.0,0.0,civil-comments-human-crowd-aggregate
civilcomments-5059f35208ff9b6089b0,"Trump has absolutely no qualifications to be president. He lacks the knowledge, the experience and the temperment to hold such office. Additionally, he has shown repeatedly that he is ""bigly"" egocentric, lacks empathy and is virtually ""uncoachable."" Of course he is also an extremely crude, crass lout of a man. ...and you think he should be President? Wow.. It's unfortunate Mr. Trump wasn't confronted about his crude, crass misogynistic behavior decades ago.....apparently, he wasn't and now, at 70 years old, he's still emotionally an adolescent. He's actually rather pathetic. Like many other wealthy and powerful individuals (frequently politicians,entertainers and atheletes) he feels he's so far above the rest of us that he can do ""what he pleases."" (listen to the recording, this is exactly what he says). He may be totally unqualified to be President in every way, but at least he'sa thorougly disgusting human being. Yet some folks still support him....that simply amazes me.",insult,1,0,0,0,0,0,0.5,0.0,0.0,0.0,0.4,0.1,civil-comments-human-crowd-aggregate
civilcomments-03dddfe0035e83504b5a,"""It is good that the Mohawk name is being removed from the school."" The school will continue to be Mohawk High School, and other businesses and geographical features in the area will keep the Mohawk name.",neutral,0,0,0,0,0,0,0.0,0.0,0.0,0.0,0.0,0.0,civil-comments-human-crowd-aggregate
civilcomments-b0682e98939b2001da06,President Pussygrabber is demanding a Safe Space.,profanity,1,0,1,0,1,0,0.6,0.0,0.5,0.0,0.6,0.0,civil-comments-human-crowd-aggregate
civilcomments-6c30d36c3be7019fc8a0,"From reading the story, perhaps. The law also says no speeding and everyone must stop at stop signs, but few people obey those laws either and those have actual safety consequences to other people. There are laws against littering but few care about that, if the state of Anchorage tells us anything. People break laws all the time and I don't think there's a single person whose horse is so high they can criticize others for ignoring minor, pointless laws. There are plenty of dogs who behave just fine off leash and I've no problem with that. Crappy dogs should not be off leash, or even out in public, but well-behaved dogs don't cause problems on leash or off.",neutral,0,0,0,0,0,0,0.0,0.0,0.0,0.0,0.0,0.0,civil-comments-human-crowd-aggregate
civilcomments-a5e3b5b99965c46ac3a8,"Zenger, what total BS! Treason has a face, and its you whiny assed liberal cry babys who will resort to any lowly form of name calling and accusatory horseshit to make your point that you are unhappy with the outcome of the election. You make it sound as if Trump conspired with Russia, which as any normal thinking person knows that, like your comment, is pure BS! The liberal left refusal to accept that which is has become nauseating in the extreme. To call our president treasonous just demonstrates your infantile desperation and immaturity. To more accurately see the face of treason Johann, merely look in the mirror! Move on, get a grip on reality for god sakes and get on with your lives, and focus on something more positive and constructive.",insult,1,0,0,0,0,0,0.517241,0.086207,0.431034,0.0,0.465517,0.051724,civil-comments-human-crowd-aggregate
civilcomments-482af4bcc066a5367a31,"38 billion is 'chump change' to keep the medieval head chopper Arab states in line in the Middle East. Israel has always done the dirty work the Americans needed to have done in the region. None of the Arab states want, or support a Palestine state.Only countries, like Canada, are stupid enough to take in floods of extremists in from Syria when Saudi Arabia and other Arab countries awash ,in cash in the region, shut their own people out! Nothing to do with Israel and Palestine and everything to do with Arab head choppers that can't find peace among themselves!",insult,1,0,0,0,0,0,0.5,0.0,0.0,0.0,0.4,0.1,civil-comments-human-crowd-aggregate
civilcomments-d88e4b70b7f134619fae,The arrival of Easter has just produced another miracle. This is the first time that I have agreed with one of your comments.,neutral,0,0,0,0,0,0,0.0,0.0,0.0,0.0,0.0,0.0,civil-comments-human-crowd-aggregate
civilcomments-33b1b0e86d1648717cd8,"How patriotic and cowardly of you. Love thy neighbor and all that crap, eh?",insult,1,0,0,0,1,0,0.805556,0.041667,0.222222,0.013889,0.791667,0.013889,civil-comments-human-crowd-aggregate
civilcomments-b3a73227a82e5542ab5f,never try to confuse the liberals with facts,neutral,0,0,0,0,0,0,0.0,0.0,0.0,0.0,0.0,0.0,civil-comments-human-crowd-aggregate
civilcomments-2460a80b26cc94ce0656,Justin's tradition of giving away Canada's sovereignty the breathtakingly corrupt and useless UN continues unabated....,insult,1,0,0,0,1,0,0.6,0.0,0.0,0.0,0.6,0.1,civil-comments-human-crowd-aggregate
civilcomments-299e9a8d1ac7a5319c53,"My comment is... ""Why didn't my previous post, devoid of any content that contravenes the G&M's standards, ever get past the moderators, who seem to be more and more politically partisan? I am finding that a minority of my posts actually show up on the comments forums after being ""moderated"". I am about five clicks away from cancelling my subscription. Lots of other worthwhile journals out there who would love to receive my money, my clicks and my eyeballs.""",neutral,0,0,0,0,0,0,0.0,0.0,0.0,0.0,0.0,0.0,civil-comments-human-crowd-aggregate
civilcomments-ac83c8603ac68e850742,"“Mark my word, if and when these preachers get control of the [Republican] party, and they're sure trying to do so, it's going to be a terrible damn problem. Frankly, these people frighten me. Politics and governing demand compromise. But these Christians believe they are acting in the name of God, so they can't and won't compromise. I know, I've tried to deal with them.” This quote is from that well known liberal, Barry Goldwater.",profanity,1,0,1,0,0,0,0.6,0.0,0.5,0.0,0.2,0.1,civil-comments-human-crowd-aggregate
civilcomments-69472ee23135e6d316be,"the Israelis gave land back to the Pals,the Gaza strip.it is now infested with rocket launching Hamas. the Israelis will now expand settlements in the West Bank thanks to the cowardly Obama.Trump will hand Billions over to Israel to sustain one of the world's most potent military countries. Israel will continue to thrive despite the UN and who will even come close to stopping them.",insult,1,0,0,0,1,0,0.6,0.0,0.0,0.2,0.5,0.2,civil-comments-human-crowd-aggregate
civilcomments-583693fff60d08626e8b,"Several religions set dress and behaviour standards. But the Charter governs none of them, which only applies to actual governmental action.",neutral,0,0,0,0,0,0,0.0,0.0,0.0,0.0,0.0,0.0,civil-comments-human-crowd-aggregate
civilcomments-80efff86ec27c0ea73c5,Huh? I thought Canada welcomed refugees? I'm not understanding something right here...,neutral,0,0,0,0,0,0,0.0,0.0,0.0,0.0,0.0,0.0,civil-comments-human-crowd-aggregate
civilcomments-3fdafc188bb3047aeccb,"This sort of sexual, physical and mental abuse has been going on for hundreds of years when the Black Robed Jesuits first came to this land. It was their duty under God, to take the heathen out of the savage native people. It hasn't changed in all those years and it won't change any time soon! I was born and Baptized Catholic until I got old enough to know better. In all fairness though, the Catholic messengers are not the only Religious folks guilty of such atrocities. I guess it just comes with the territory and it has to be handled on an individual level. If you don't like something, then don't participate!",insult,1,0,0,0,0,0,0.6,0.0,0.0,0.0,0.4,0.4,civil-comments-human-crowd-aggregate
civilcomments-e2438307e28b40f536cf,"I'm from the Island and I strongly ""support"" this badly needed project. It is in the best interest of the ""majority"" of Canadians, something many people here can't get their heads around. I welcome Ms. Notely's visit and I wish her and her team much success. I just hope the radical elements in the opposition to this project, who by the way are being encouraged by some of their elected officials, don't do anything stupid when she's here! We need to work together to make sure this project is done safely!",neutral,0,0,0,0,0,0,0.4,0.0,0.0,0.0,0.4,0.0,civil-comments-human-crowd-aggregate
civilcomments-46d612207bf5b3b7b3f3,"The company making Caldwell's Aloha Shirts is gonna go out of business soon. So intersting how the winds can make a ""look"" become so uncool.",neutral,0,0,0,0,0,0,0.0,0.0,0.0,0.0,0.0,0.0,civil-comments-human-crowd-aggregate
civilcomments-fd9e9d3003634f8f6b94,Believe it or not there are many servers and other service workers just as special as she is.,neutral,0,0,0,0,0,0,0.0,0.0,0.0,0.0,0.0,0.0,civil-comments-human-crowd-aggregate
civilcomments-32faa31e01e4eb126a7f,"A poignant by wonderfully written piece. I lost my partner suddenly nearly 10 years ago. She was 29. Windowhood at any age is painful but particularly in your 30s - it is cruel. I lost a good portion of my 30s to grief and I will never gain this time back. Although I have proverbially moved on, no day goes by when I do not think of my late love. A must read for anyone.",neutral,0,0,0,0,0,0,0.0,0.0,0.0,0.0,0.0,0.0,civil-comments-human-crowd-aggregate
civilcomments-a0e5894e1a28391f3866,Fabulous guy ! I hope J. Baker will not weep and rave about being his best friend who helped her through her rough divorce or when she studied mime in Paris ...she became such as wake crasher just to keep her name in the press . Mr. Livingston was a class act all the way .,neutral,0,0,0,0,0,0,0.142857,0.0,0.0,0.0,0.142857,0.0,civil-comments-human-crowd-aggregate
civilcomments-3f0fc26c2fcf4fae4b5c,"Wah! Trumpnuts are such suckers. You elect a con artist, a pathological liar who played you like a concert pianist, getting you to vote not only against your own interests but those of your country. Trumpnuts are either phenomenally stupid or phenomenally naive.",insult,1,0,0,0,1,0,0.878378,0.094595,0.216216,0.027027,0.878378,0.094595,civil-comments-human-crowd-aggregate
civilcomments-f4b5ae6efd212dba65de,I think that you will be surprised at how wrong you are.,neutral,0,0,0,0,0,0,0.0,0.0,0.0,0.0,0.0,0.0,civil-comments-human-crowd-aggregate
civilcomments-281074cf8d2a720cadb7,"Real estate industry: ""Foreign buyers aren't driving up prices, they account for only 5% of purchases"" Government/Media: ""Maybe a foreign investor tax is one of the measures we can us to cool the market"" Real estate industry: ""DONT!!! IT WILL CRASH THE MARKET!!!!"" Everybody else: ""?"" Real estate industry: ""Build on the greenbelt!!""",neutral,0,0,0,0,0,0,0.0,0.0,0.0,0.0,0.0,0.0,civil-comments-human-crowd-aggregate
civilcomments-a676bd3567b3a7cda3d5,"Hmmm. Damn near a compliment. This bad for me to recognize it? I've been accused of being too liberal. Whatever that term implies. I still believe in the constitution as it exists. I believe there is a rediculous amount of wasteful spending. I don't believe my 83 year old mother that worked and paid into social security is the problem. Her need to collect food stamps is a symptom of the problem not the problem itself. law and order? America the land of the free has the worlds largest prison population. Victimless crime is a vast majority of it. It all ties together and people don't see it. Privatized prisons, another republican invention ,creates a demand for prisoners for profit. Keep victimless crimes illegal and fill those bunks while taking manpower from violent crime units. This state is doing its level headed best to fulfil that quota. Save the room for the violent offenders. End citizens united",profanity,1,0,1,0,1,0,0.5,0.0,0.6,0.0,0.5,0.1,civil-comments-human-crowd-aggregate
civilcomments-6216eb310d52e1d3013f,Trudeau should refuse to meet with Trump as Trump has shown his cards. If Trudeau goes I hope he breaks Trumps nose after Trump insults Canada!,threat,1,0,0,1,0,0,0.5,0.0,0.0,0.5,0.0,0.0,civil-comments-human-crowd-aggregate
civilcomments-d481c92dab4a3ffc5b48,"Hahahaha, yes, it's so funny because nothing like this happens anywhere else except in California, which happens to be the most heavily populated state in the U.S.",neutral,0,0,0,0,0,0,0.0,0.0,0.0,0.0,0.0,0.0,civil-comments-human-crowd-aggregate
civilcomments-8f2ebbc598be3a429fee,He should pull down his skirt...,insult,1,0,0,0,0,0,0.5,0.0,0.0,0.0,0.3,0.0,civil-comments-human-crowd-aggregate
civilcomments-80f98db25c10769cc3f0,"The best bet the world has for peace, feeding the hungry, caring for the sick and yes, population control, is the U.N. The U.N. is not composed of Supermen that can solve every problem but it does a pretty good job considering the limitations put on it by competing world governments and the differing agenda of the Permanent Members of the Security Council.",neutral,0,0,0,0,0,0,0.0,0.0,0.0,0.0,0.0,0.0,civil-comments-human-crowd-aggregate
civilcomments-2de0a7643be9b6a25f7b,"Spot on..the purpose of the secret ballot is to obviously keep your political opinion secret. If you must, do what any smart business does, support in some form all prospects, and the owner and employees vote their conscience secretly.",neutral,0,0,0,0,0,0,0.0,0.0,0.0,0.0,0.0,0.0,civil-comments-human-crowd-aggregate
civilcomments-6fffabdc9ab4a0177257,"Trump should stop threatening seniors with cutting off medicare, medicaid and Social Security. These programs are lifelines for tens of millions of people. Trump is a joke that has become dangerous to your health.",insult,0,0,0,0,1,0,0.4,0.0,0.0,0.0,0.5,0.0,civil-comments-human-crowd-aggregate
civilcomments-84f90abcb8d8038360a5,"I was appalled when trump said John McCain was not a war hero, were you?",neutral,0,0,0,0,0,0,0.0,0.0,0.0,0.0,0.0,0.0,civil-comments-human-crowd-aggregate
civilcomments-20dbbe5983fab8f748af,Republicans are for liberty? Since when? Why do they want to put a peephole into the bathrooms and peoples bedrooms? Sounds more they are deviants to me.,neutral,0,0,0,0,0,0,0.0,0.0,0.0,0.0,0.0,0.0,civil-comments-human-crowd-aggregate
civilcomments-d748feb39acc083905f0,""" In other words, she’s not suffering from dementia"". Just for the record I'm not voting for Trump or Hillary the Sociopathic Liar, but I do sincerely hope Ginsburg doesn't have dementia. Because when Trump most likely does become President I want her to remember and keep her promise to move out of the USA.",insult,1,0,0,0,1,0,1.0,0.0,0.0,0.0,1.0,0.0,civil-comments-human-crowd-aggregate
civilcomments-3887698ac591264e34c1,"good luck, with the tidal wave of ultra religious immigrants coming here.",insult,1,0,0,0,0,0,0.5,0.0,0.0,0.0,0.4,0.4,civil-comments-human-crowd-aggregate
civilcomments-9938b2de2a7ebcaff420,"I love it. Two elderly guys walk into the bank, rob it, walk out and no one catches them. MY bet is, they went and had a few drinks and are laughing their backsides off at the park!",neutral,0,0,0,0,0,0,0.2,0.0,0.0,0.1,0.0,0.0,civil-comments-human-crowd-aggregate
civilcomments-66ee620a4e6b26ba779d,"All the 'legal' and philosophical arguing going on related to this article is nauseating. Everyone step back for a moment and think - the fact that the current legal system requires ""proof beyond doubt"" that a stranger raped someone who's extremely intoxicated IS the problem. The victim was intoxicated and had hired a taxi to be taken home. The victim ended up naked and the taxi driver had sex with her. Evidence showed that. It was plain wrong. NO WOMEN CONSENTS TO SEX WITH A RANDOM STRANGERS. (outside sex trafficking-don't go there) Our criminal justice system is seriously flawed. Many sick, depraved people are out on the street, and dealing with our children, our seniors, and our family members because of it. Let's look at how the system is messing up in the NUMEROUS case like this one...Arguing the woman's drunkenness does not change the fact-some pervert who could drive your daughter to a back alley one day too had sex with this women when he should not have",insult,1,0,0,0,0,0,0.5,0.0,0.1,0.0,0.2,0.1,civil-comments-human-crowd-aggregate
civilcomments-bd009652d2692b3148c2,A bit of research will show that Walker was mayor of Valdez when he advocated the City to build four grain silos because Seward did. Seward used state funds and Valdez used its own cash. Of course we know how that turned out. Now he wants to build a road to a cove for 1/2 a billion. Alaska needs to get its act together and stop the nonsense.,neutral,0,0,0,0,0,0,0.3,0.0,0.0,0.0,0.3,0.0,civil-comments-human-crowd-aggregate
civilcomments-92194c903bbb9430b708,I do agree with you though that there are more serious issues than opening up pot clubs.,neutral,0,0,0,0,0,0,0.166667,0.0,0.0,0.0,0.166667,0.0,civil-comments-human-crowd-aggregate
civilcomments-0fb1a087f267c9c85fea,"Thanks for the perfect example of ""straw man""! A Judge who 'once caused controversy by emotionally saying “black lives matter” in a hearing in which he sided against Seattle’s police union'. Another huge mistake by G.W.",neutral,0,0,0,0,0,0,0.0,0.0,0.0,0.0,0.0,0.0,civil-comments-human-crowd-aggregate
civilcomments-7db3ebdaf19af34cc883,"He was not. He was a simple citizen, a retired military. They were tapping the Russian diplomats, and you can be certain they knew about it (they are not as stupid as Flynn), and they knew this could be used for blackmailing purposes. Flynn was simply too hungry to get what he wanted for him and for his orange friend.",insult,1,0,0,0,1,0,0.833333,0.0,0.166667,0.0,0.833333,0.0,civil-comments-human-crowd-aggregate
civilcomments-9a214611cf8b11ac6238,"Not allowing pro-life groups at this march was the correct decision. A main message of the march was ""Women's Rights are Human Rights"" and a fundamental human right is bodily integrity and reproductive choice. Pro-lifers are the ones who do not respect other views on this. They are free to choose how to dictate their reproductive lives, and yet they want to legislate what other women can do. They are free to voice their views at their upcoming annual ""right to life"" march.",neutral,0,0,0,0,0,0,0.0,0.0,0.0,0.0,0.0,0.0,civil-comments-human-crowd-aggregate
civilcomments-1d6b2f7c65edb4e9fc6d,"""Trudeau and Trump want to meet ‘soon,’ but no word on when"" ---------- My advice to Trump is do NOT meet with Trudeau. Justin is slippery, like a snake.",neutral,0,0,0,0,0,0,0.0,0.0,0.0,0.0,0.0,0.0,civil-comments-human-crowd-aggregate
civilcomments-d739d97e5ede9f2b919e,"Nope, not that, Janet. That's certainly happening but there have absolutely been actual layoffs--quite a few of them. Maybe have a little more compassion for some of your fellow Alaskans, instead of chalking their fates up to ""deliberate deception.""",neutral,0,0,0,0,0,0,0.0,0.0,0.0,0.0,0.0,0.0,civil-comments-human-crowd-aggregate
civilcomments-6026ab93399ce1dc615c,Wow just 15 gallons and it makes the liberal news. Fly out to any rural village and take a walk around and you will find all kinds of oil. Check out Pt Hope and the hundreds of gallons around the old tankfarm floating on the permafrost. Money was given to the tribe to clean it up but it was used to buy homes in the lower 48 I think.,neutral,0,0,0,0,0,0,0.0,0.0,0.0,0.0,0.0,0.0,civil-comments-human-crowd-aggregate
civilcomments-26834e28f9f2c6108bbf,"Facts arent irrelevant. And i dont disagree with you that college is not necessary or desirable for every student. Welding and plumbing can be far more lucrative than a BA in Sociology, and if someone can teach themselves c++ and java and coding interview problems well enough to get hired without a traditional CS degree, more power to them. What I am saying is that I dont think the article is blaming the students nor anyone in particular, its just saying something is broken and here are some remedies that have been shown to improve outcomes for the majority of students.",neutral,0,0,0,0,0,0,0.0,0.0,0.0,0.0,0.0,0.0,civil-comments-human-crowd-aggregate
civilcomments-168b5df2d08137a3395a,"Actually we could just about eliminate Canada's GHG's by 2020 at no net cost by replacing all of Canada's coal and fossil plant with nukes - no need for carbon taxes or wasting cash on wind/solar backed up with gas. The all in cost of Candu nukes is less than the operating cost of fossil plant while Canada is the world leader in potentially half cent a kwh Gen IV nuke R&D with so far 6 and counting best in the world ""thorium"" reactors planned for the next 10 years. Even the famous blueprinted ready to built IFR has come to Canada attracted by our enlightened CNSC regulator. The Gen IV nuke not only can replace gas HVAC with geothermal heat pump, and charge EV's at ultra low power rates, but its high temperature heat output can produce hydrogen based synfuels at 25 cents a liter. To get rates down, we would also have to abrogate the $300B in lucrative 15 cent a kwh wind/solar/run of river/ gas backup contracts signed by the corrupt Ontario and BC governments.",neutral,0,0,0,0,0,0,0.166667,0.0,0.0,0.0,0.166667,0.0,civil-comments-human-crowd-aggregate
civilcomments-e096552bc2489941445e,SB 21 didn't create these subsidies.,neutral,0,0,0,0,0,0,0.0,0.0,0.0,0.0,0.0,0.0,civil-comments-human-crowd-aggregate
civilcomments-154ad69e2251f0f3816c,$5000 a day for a whole floor in that tower. What a bargin. They must be receiving a good discount when some hotels charge 10K a night. Roy ' insult' Anothigny at his best worse.,neutral,0,0,0,0,0,0,0.0,0.0,0.0,0.0,0.0,0.0,civil-comments-human-crowd-aggregate
civilcomments-ebfc8428bd499f958f06,Nepotism. Most businesses frown on hiring relatives for fear of favoritism.,neutral,0,0,0,0,0,0,0.0,0.0,0.0,0.0,0.0,0.0,civil-comments-human-crowd-aggregate
civilcomments-fc08751a89aeffe04c26,"Larry, first you said there was no public access to the park in Eagle River Valley, which is flat wrong. Then you narrowed your complaint to no ""designated"" public access in the South Fork of Eagle River. Do you understand how those are two very different claims? And the trailhead didn't create the problem. The trail's popularity did. You're complaining about not having enough parking space for a popular trail. Have you written the governor or your legislator to ask for an increase in park funding?",neutral,0,0,0,0,0,0,0.0,0.0,0.0,0.0,0.0,0.0,civil-comments-human-crowd-aggregate
civilcomments-8befed0137f3aabc70f0,There is a difference when they want there to be one and no difference when it suits their political agenda.,neutral,0,0,0,0,0,0,0.0,0.0,0.0,0.0,0.0,0.0,civil-comments-human-crowd-aggregate
civilcomments-b291f87f42ed86cad902,"Sessions your right we are an island, because we are ruled by liberals with mental disorders who hate the US, forget about those tweets from Hirono, Schatz, Gabbard and the rest of those who did not like what you said which is the truth being born here and lived all my life here I agree with you so your not under fire its just the commie libs that rule this island. and hate being part of the US. there is still a lot of us that believe this is the US but were over ruled by American hating liberals who pretend we are part of a US state and hide behind our US flag.",insult,1,0,0,0,1,0,0.5,0.1,0.0,0.0,0.5,0.0,civil-comments-human-crowd-aggregate
civilcomments-30fc9f4a757102bc0275,"""Where is that dick McCallum now I ask?"" I expect he's still nursing a hangover from the weekend.",profanity,1,0,1,0,1,0,0.736842,0.078947,0.710526,0.0,0.605263,0.013158,civil-comments-human-crowd-aggregate
civilcomments-5a32afc069584f5e5492,"IF it was a random crime (and I am doubtful, but that is just me, just now), how long do we lock someone like this up? can they ever become a 'good' person? do we throw away the key? hang 'em?",threat,1,0,0,1,0,0,0.6,0.0,0.0,0.7,0.1,0.0,civil-comments-human-crowd-aggregate
civilcomments-fe11704968f9c0b4207d,I agreed that its a toss of the dice there but odds is against the house here......,neutral,0,0,0,0,0,0,0.0,0.0,0.0,0.0,0.0,0.0,civil-comments-human-crowd-aggregate
civilcomments-c12ee8130ab41b64bb98,I honestly wonder why you think a source that reports on pussy eating is a reliable resource for election news.,profanity,1,0,1,0,0,0,0.557143,0.042857,0.5,0.0,0.171429,0.0,civil-comments-human-crowd-aggregate
civilcomments-088b7e967f1110a34d7a,"Apologize and compensate as that is what the government likes to do, then the Trudeau Liberals can move on to find another group to apologize to and compensate, it is what we do.",neutral,0,0,0,0,0,0,0.0,0.0,0.0,0.0,0.0,0.0,civil-comments-human-crowd-aggregate
civilcomments-7f2c218e16951ff856b7,"Absolutly name the company. Contact all your friends and look for a connection to local media and get the word out as to the unethical practices of this company. At the same time contact Employment standards in your province and file a complaint. They will only be able to help you with short falls on amounts due under legislation. Signing a release will not exempt statutory amounts due. Immediately contact a lawyer to discuss the wrongful dismissal issue. If you have a case, possibly not due to the release, you may find a lawyer will to take your case on a contingency basis. If the company is a national or multinational and you worked in a branch contact the head office to ask for an explanation or if you are able to get the media on your side provide them with the name of the HR person. There is nothing big companies want more than to avoid looking purposely cruel. Maybe the G&M should look into to this.",neutral,0,0,0,0,0,0,0.0,0.0,0.0,0.0,0.0,0.0,civil-comments-human-crowd-aggregate
civilcomments-360b2e311e8a099ba98f,"Bob Still sounds anti-military to me. You have not come out and said it but your postings insinuates it. Perhaps if you understood all of the dynamics you would have a different understanding. But apparently you don't so you mindlessly attack NAS Oak Harbor and the OLF. You are correct the NAVY is to provide for the defense of the US and not just a benefit to Oak Harbor Business and the finances for the rest of Island County, which you and the anti-OLF crowd always seem to discount in your complaints. To provide for that defense is the primary reason why the OLF exists in the first place. Obviously your branch of NAVY service didn't expose you to that information. Navy - Non profit organization dedicated to protecting the citizens of the US. Microsoft - A commercial software industry that leases their software to you at high prices and allows you to do the QA on their product. Boeing - An aircraft builder that builds aircraft at the lowest cost versus safety.",neutral,0,0,0,0,0,0,0.0,0.0,0.0,0.0,0.0,0.0,civil-comments-human-crowd-aggregate
civilcomments-54d9199018c8f82504b4,"Calm down, my hind side. It is a two year contract, which I suppose you can call ""multi-year,"" but it is a 6% to 7 % for two years which averages to 3% or 3.5% per year. That is outrageous when the consumer price index for Hawaii has averaged less than 2% for the past several years.",neutral,0,0,0,0,0,0,0.3,0.0,0.1,0.0,0.1,0.0,civil-comments-human-crowd-aggregate
civilcomments-67868cf55733aa8cc35a,"unemployment remains high because the people we have don't have the skills to do the jobs we need. We are also going to have the highest population retirement rate in the history of this country occurring in the next 10-15 years. For every person retiring, there will need to be a trained, skilled employee ready to do that job. Immigration is needed for that because even if we start pumping out babies now (and most Canadians don't) we won't have able bodied workers for another 20+ years. Carbon tax will hurt, yes. It's unfortunate that such drastic measures needed to be taken to change behavior, but many (I amoung them) believe its necessary. You can disagree -- totally your right to do so, but like the environmentalists in the US have little power to resist their anti-environmental agenda, you have very little power to resist the pro-environment agenda in Canada till the next election. We'll see whose bubble bursts in 4 years, but til then sit back and enjoy being the opposition",neutral,0,0,0,0,0,0,0.0,0.0,0.0,0.0,0.0,0.0,civil-comments-human-crowd-aggregate
civilcomments-1b9accd76f39fd0dbda7,"It's regressive, and it's sick.",insult,1,0,0,0,0,0,0.5,0.0,0.0,0.0,0.4,0.0,civil-comments-human-crowd-aggregate
civilcomments-0150695040524e4ce314,Really? Funny how something that you say comprises only 3% of our GDP has tanked the economy.,neutral,0,0,0,0,0,0,0.0,0.0,0.0,0.0,0.0,0.0,civil-comments-human-crowd-aggregate
civilcomments-0acd3544e57f8d70172c,You are an ugly American.,identity,1,0,0,0,1,1,0.870968,0.0,0.032258,0.0,0.854839,0.516129,civil-comments-human-crowd-aggregate
civilcomments-3e09c02721cfe7e5a83e,"I worked at a logging company on the North West Coast of B.C. where by stumpage rate manipulation the company paid $75,000.00 on 300,000 meters of wood. That is 25 cents a meter which is salvage rate. This timber was prime sound timber and there was no salvage what so ever. The loop hole was closed after I informed all parties and held feet to fire. About 80 direct logging jobs involved in this operations plus all spinoff jobs and not enough royalties paid to cover even half pay for one forestry employee. So........... crown made nothing and even more so lost tens of thousands maybe hundreds of thousands of dollars for this timber to be logged. I would suppose not many citizens of B.C. would know about this or maybe even so do not believe this to be so. It is true. In the Interior of B.C. thirty to forty dollars a cubic meter of wood is a fair stumpage cost.",neutral,0,0,0,0,0,0,0.0,0.0,0.0,0.0,0.0,0.0,civil-comments-human-crowd-aggregate
civilcomments-06d3e49137ec5b601024,"This is the same Antonin Scalia who publicly disagreed with JPII on capital punishment, and went on to say that any judge who believed that capital punishment was wrong should resign from the bench.",neutral,0,0,0,0,0,0,0.0,0.0,0.0,0.0,0.0,0.0,civil-comments-human-crowd-aggregate
civilcomments-60540d2225394743a5c4,"They have come home to poop, an activity they do so very well.",insult,1,0,0,0,0,0,0.5,0.0,0.3,0.0,0.3,0.0,civil-comments-human-crowd-aggregate
civilcomments-0a5a80c3b828bdb1935d,Mr. Inept wants answers? He never had any so how could he feel entitled to answers?,neutral,0,0,0,0,0,0,0.2,0.0,0.0,0.0,0.2,0.0,civil-comments-human-crowd-aggregate
civilcomments-e2121c6273ea9a9b45d7,"Even the U.S. only restricts the President to have to be a ""natural born"" citizen. All public offices is a vast over-reach.",neutral,0,0,0,0,0,0,0.0,0.0,0.0,0.0,0.0,0.0,civil-comments-human-crowd-aggregate
civilcomments-9f93695de8f72b15fe58,"That is why a pesticide takes years and millions of dollars to go from discovered molecule to sold product. That exact question is addressed during testing the chemical companies must pay for and the EPA audits. The EPA then determines whether this is a risk to health based on exposure to the compound from all sources. Foods are allowed to have residues, but at levels not determined to be a health hazard. In order for residues to be zero for everything, that implies totally organic production on land never treated.",neutral,0,0,0,0,0,0,0.0,0.0,0.0,0.0,0.0,0.0,civil-comments-human-crowd-aggregate
civilcomments-f3007c55bf8b56b3b366,And yet these emails were said to have influenced the election.,neutral,0,0,0,0,0,0,0.0,0.0,0.0,0.0,0.0,0.0,civil-comments-human-crowd-aggregate
civilcomments-0a60cecffcea71f3351e,"The article is clear: This woman was standing on a sidewalk when a driver killed her. If car drivers lack basic skills to keep a car on a road and can't avoid driving onto a sidewalk - they don't need better infrastructure, they need to never drive again. Spare this victim's family your misguided sermon and delete your post.",neutral,0,0,0,0,0,0,0.0,0.0,0.0,0.0,0.0,0.0,civil-comments-human-crowd-aggregate
civilcomments-3f36b5946d0d01269262,"Good point about the need to speak french. Agreed. But...""catastrophic leadership campaign""....Yves, you write dramatic spiteful articles which only seem based on your envy of other people's success. Having trouble making money as a journalist? It seems your lack of a career and income future is catastrophic. :)",neutral,0,0,0,0,0,0,0.166667,0.0,0.0,0.0,0.166667,0.0,civil-comments-human-crowd-aggregate
civilcomments-d8169d2e068f52182eb5,"Innocence is not the question. The unborn are not aborted because someone thinks they are guilty. It is because they are physically dangerous (in a limited number of cases) or ecoomically dangerous. The Church underestimates the need to stay out of physical danger, you cannot force martyrdom on the mothers. The economic danger can be fixed easily except for conservatives in the Pro-life movement.",neutral,0,0,0,0,0,0,0.0,0.0,0.0,0.0,0.0,0.0,civil-comments-human-crowd-aggregate
civilcomments-6c417d703f226942f238,"I wish the owners well on there venture. But the real reason I responded was that from personal experience.....If you need a storage unit it's time to sell it, donate it or throw it away.",neutral,0,0,0,0,0,0,0.0,0.0,0.0,0.0,0.0,0.0,civil-comments-human-crowd-aggregate
civilcomments-475f64506a9442d3682e,"Bravo! Few people get that point. Trump will take credit for statements of intent based on corporate decisions that are made months, if not years, in advance. We'll see what happens when most of these intents do not materialize.",neutral,0,0,0,0,0,0,0.0,0.0,0.0,0.0,0.0,0.0,civil-comments-human-crowd-aggregate
civilcomments-1514677082cf9c1c48ea,Jeez I told you he was an id io t. Republicans been saying they had a better plan then Obama's for the past 7 years and this is the best they got? Give me a F ing break!,insult,1,0,0,0,1,0,0.7,0.0,0.2,0.0,0.7,0.0,civil-comments-human-crowd-aggregate
civilcomments-aca4061f26c8fe2298ec,"David Rosenberg has never run a business or created a business. Yes, he makes $3 million a year for writing a daily newsletter and pontificating. But he has been mainly wrong throughout his career. Yes, a broken clock gets the time right twice a day, but he has been mainly wrong since 1987. For example, in the National Post this week, in his terror over automation and technological advance, Rosie can't fathom manufacturing plants with less workers, but MORE factories. So Rosie won't understand today's announcement that Foxconn is planning to create manufacturing plants in the US (likely for Apple products), and yes they are more automated. Rosie is just plain out to lunch because he has never created a business. As an aside, Rosie knows a lot about food, but not retailing.",neutral,0,0,0,0,0,0,0.0,0.0,0.0,0.0,0.0,0.0,civil-comments-human-crowd-aggregate
civilcomments-830cb152621c58a92558,"No ""immediate"" damage? Is there another kind of damage from avalanches?",neutral,0,0,0,0,0,0,0.0,0.0,0.0,0.0,0.0,0.0,civil-comments-human-crowd-aggregate
civilcomments-0073d15f14c6071bb514,"My question is, group insurance such as work place insurance is pooled differently than individual insurance within the same insurance company?",neutral,0,0,0,0,0,0,0.0,0.0,0.0,0.0,0.0,0.0,civil-comments-human-crowd-aggregate
civilcomments-5fce642b56126d774d60,Check-out Libertarian Gary Johnson for president.,neutral,0,0,0,0,0,0,0.0,0.0,0.0,0.0,0.0,0.0,civil-comments-human-crowd-aggregate
civilcomments-cf633132bb83856e8e73,"why the he__ is the Globe closing comments for muslin related articles. Why can't we have a say. If I can't have a say, then don't print their crap. What the he__ is wrong with you Globe. I guess it is only a free country if you are muslim. Bull Sh__",profanity,1,0,1,0,1,0,0.842857,0.142857,0.757143,0.0,0.614286,0.485714,civil-comments-human-crowd-aggregate
civilcomments-e69dc3c6abb1e397fd0a,"Goodbye to Open and Accountable Government. Prime Minister Justin Trudeau has decided it no longer applies. From the moment Trudeau stood up in the HoC years ago and yelled at the top of his lungs Bu** Sh** to Harper, we knew we were going to be instore for a theatrical drama from a man who is delusional drama queen. Trudeau has issues that's for sure. Narcissism and delusion are two that come to mind immediately. Too bad Election Fraud wasn't illegal in Canada, if it were Trudeau would be arrested and thrown in jail his disingenuous actions.",insult,1,0,0,0,0,0,0.5,0.0,0.4,0.0,0.3,0.0,civil-comments-human-crowd-aggregate
civilcomments-eb6f65e736b2484afe16,"Most cars need some kind of repair after 4 years - Struts, wheel bearings, brakes all will wear depending upon how you drive or even where you drive. My wife has a 10 year old Mazda and I have had to replace both front wheel bearings and a power steering hose as well as brakes and plugs. Now it's starting to stall on her and it's got 140K on it. I do agree thought that after 4 years most people still keep their cars, even stats say the average turn over is about 7 years.",neutral,0,0,0,0,0,0,0.0,0.0,0.0,0.0,0.0,0.0,civil-comments-human-crowd-aggregate
civilcomments-3f7c02bdc02b0cbfc1a3,"Ducky: ""but when management lacks oversight and perceives there to be a wok deficit and hires more and more employees to do jobs that a few should be able to do, it culminates in layoffs. "" When you are describing whole departments or administrative units you are talking about MANY people, not just a few individuals.. To quote ""Bootness"", ""Please tell me which department has this nap time during the day, I will request a transfer! DuckSince62",neutral,0,0,0,0,0,0,0.0,0.0,0.0,0.0,0.0,0.0,civil-comments-human-crowd-aggregate
civilcomments-ed5368994dce6f2e7668,"yeah, if they hadn't invaded the fighting would surely be over by now and the Middle East would be at peace. Is that you Toto ?",neutral,0,0,0,0,0,0,0.166667,0.0,0.166667,0.0,0.166667,0.0,civil-comments-human-crowd-aggregate
civilcomments-e29bc992657a87b890f0,"PBS is unbiased? LOL!!! WHO ""proved"" Trump is ""mentally unstable, unethical, untruthful, and untrustworthy.""? Hillary certainly proved over the course of Decades that she was guilty of all of those traits.",insult,1,0,0,0,0,0,0.5,0.0,0.0,0.0,0.4,0.0,civil-comments-human-crowd-aggregate
civilcomments-4c8a0e07cc5e28eb4885,"“Elko’s defenses are known for forcing turnovers”. The Ducks shouldn’t be interested in chasing turnovers. Creating fumbles, defending passes, tackles for loss, etc. are what the Ducks should be interested in. Not a turnover, which is an outcome tied to the bounce of the ball, and highly variable from one year to the next.",neutral,0,0,0,0,0,0,0.0,0.0,0.0,0.0,0.0,0.0,civil-comments-human-crowd-aggregate
civilcomments-0d78e450ba8d9166b136,I followed your link. It said 2015.,neutral,0,0,0,0,0,0,0.0,0.0,0.0,0.0,0.0,0.0,civil-comments-human-crowd-aggregate
civilcomments-562ab2ed6110cf3f5dd3,what a complete imbecile little lord Fauntleroy is. He has set up a war room....hope he is wearing daddy 's German spiked helmet when preparing to do battle with the evil capitalist.,insult,1,0,0,0,1,0,0.657143,0.014286,0.142857,0.014286,0.657143,0.028571,civil-comments-human-crowd-aggregate
civilcomments-02afcb2cfd9ccd063f9e,"The liberal media only cares about racist incidents if the perpetrator is white. If it's a person of color, the incident is either ignored or downplayed.",identity,1,0,0,0,0,1,0.4,0.0,0.0,0.0,0.1,0.6,civil-comments-human-crowd-aggregate
civilcomments-adef4e753a9b480e03a5,"Can you NOT be so insulting when responding to people's comments? If you don't like what happens in Hawaii, then perhaps it's best that you stay in Alaska. Your rudeness does not encourage folks to reach mutual understanding. The problem solving about feral cats is only in the beginning stages; mean comments and snarky attitudes do not help the situation. The truth is, when dealing with something on a community level, the compromise that is eventually reached will leave both sides less than completely satisfied. Both sides are going to lose something that matters to them. That's the nature of compromise. The upside is that both parties will also win something, too. Please just be kind and remember that if you don't live here, it's actually none of your business anyway. Peace out, OK?",neutral,0,0,0,0,0,0,0.2,0.0,0.0,0.0,0.1,0.1,civil-comments-human-crowd-aggregate
civilcomments-4fe3b596bde67eabfaaf,"First VQ, now this. My poor heart. RIP Sewickleys, serving me from ages 17 through 35. May your patron saint Tonya Harding bless you for all time immemorial. And also, way to ruin Battlestar Galactica for me. GFY, Sackhoff family.",neutral,0,0,0,0,0,0,0.0,0.0,0.0,0.0,0.0,0.0,civil-comments-human-crowd-aggregate
civilcomments-8060c3ae2d69cb81aaff,"Your article has a headline about the Blazers. But, It's all about the Warriors. Some of us long time Blazer fans enjoy getting to see them play 4 more games. They are a small market team and will never attract and keep the Curry's or the Durant's. The Blazers made the playoffs. There are quite a few teams that didn't. So Mr. Meek, it' not too hard to tell you're not a fan.",neutral,0,0,0,0,0,0,0.0,0.0,0.0,0.0,0.2,0.0,civil-comments-human-crowd-aggregate
civilcomments-80ece6902133413cca29,"Virtue signalling. The Yazidi, Mandeans, and Christians are still being massacred in Iraq and in the middle east.",neutral,0,0,0,0,0,0,0.2,0.0,0.0,0.0,0.0,0.2,civil-comments-human-crowd-aggregate
civilcomments-6dbe26abc9cb90124e63,"<<Only too soon, people like you will take up arms against the people who voted for the president.>> A filthy, despicable comment, even for you, and I'm going to flag it. I hope that no-one ""takes up arms"" against Trump's voters or supporters, or against Trump himself. I believe in our democratic institutions. I believe that eventually Trump will be held accountable in the democratic processes designed by the founders. The real threat of domestic violence in the Trump years, if there is one, will arise among the relatively small number of right wing nuts -- the racists, fascists and neo-nazis who make up his political base -- who, contrary to all reason, believed that Trump could and would do what he promised. As it dawns on them that he can't and won't, and that in most instances never intended to, the threat of right-wing violence will be very real. Trump is a racist and a fascist, for sure -- but he's also a plutocrat who wll always pursue personal aggrandizement above all else.",insult,1,0,0,0,1,0,0.5,0.0,0.0,0.0,0.5,0.0,civil-comments-human-crowd-aggregate
civilcomments-70076034ca63fe85c9ee,Climate change activists can come off as globalists more interested in wealth redistribution via a carbon-based economy. When it get’s more political than scientific they loose much of their audience.,neutral,0,0,0,0,0,0,0.0,0.0,0.0,0.0,0.0,0.0,civil-comments-human-crowd-aggregate
civilcomments-a70fedd3bb9e50e72a25,It would have been much quicker for you just to admit you had nothing on which to base your ramble.,neutral,0,0,0,0,0,0,0.0,0.0,0.0,0.0,0.0,0.0,civil-comments-human-crowd-aggregate
civilcomments-678d411d1907c4c6eaec,"Yes a poodle who is the beginning of the end of the Marxist movement, a self funded man who beat the establishment and won the Presidency, the Senate , the House and the final spot on the Supreme Court. Truly get grip man !!!",neutral,0,0,0,0,0,0,0.0,0.0,0.0,0.0,0.0,0.0,civil-comments-human-crowd-aggregate
civilcomments-f2f883ac00015ef4ff89,"Yah, poor President Orange. If only the ""media"" had proof of him calling Mexicans rapists.",identity,1,0,0,0,1,1,0.631579,0.052632,0.026316,0.0,0.513158,0.5,civil-comments-human-crowd-aggregate
civilcomments-709c2d130b48cdce96db,"I am bemused that the attention paid to the criticism of Streep is out of all proportion to the praise paid to Streep. His name was never mentioned, yet everyone seems to know the target. His Narcissistic Personality Disorder forces him to take the time to deny he publicly mocked a disabled person, and to insult Streep. We need to continue to bait the bear into making a bigger fool of himself.",insult,1,0,0,0,1,0,0.8,0.0,0.0,0.0,0.7,0.2,civil-comments-human-crowd-aggregate
civilcomments-1b9f1b2e585fc4eb5183,"I don't want more regulation on the BACK end, allowing HC to clean up products after they've already done their damage. I want more regulation on the FRONT end. Manufacturers of natural health products, if they want to see those products covered by insurance plans, provincial coverage, etc. should have all the requirements a drug product has to prove their efficacy and safety in trials before that product gets licensed for sale. Of course, that would mean 90% of the natural health products would vanish from the market overnight, but that's precisely why I think it's necessary. At best, most natural health products are harmless and have no measured efficacy, and so are bilking people of money. At worst, some of them are actually dangerous in certain contexts.",neutral,0,0,0,0,0,0,0.0,0.0,0.0,0.0,0.0,0.0,civil-comments-human-crowd-aggregate
civilcomments-f26e51a7e6f7d44ef4b5,WOW...the lengths that people will go to avoid the Trump inauguration,neutral,0,0,0,0,0,0,0.0,0.0,0.0,0.0,0.0,0.0,civil-comments-human-crowd-aggregate
civilcomments-eed53c965ec5c3f7640a,"You raise a good point. However, if they ""just end it,"" we will end them in the next election. If they want to keep there phoney baloney jobs, they are going to have to give us something while they steal from us.",neutral,0,0,0,0,0,0,0.0,0.0,0.0,0.0,0.0,0.0,civil-comments-human-crowd-aggregate
civilcomments-2ce3032c7352b64c4416,"Why does it indicate by tense that these speakers may not be coming? ""Was"" scheduled?",neutral,0,0,0,0,0,0,0.0,0.0,0.0,0.0,0.0,0.0,civil-comments-human-crowd-aggregate
civilcomments-5c39bffbd1f7f2574bbb,Julian doesn't want to wind up on a park bench with a bullet in his head.,threat,1,0,0,1,0,0,0.578125,0.0625,0.0,0.578125,0.015625,0.0,civil-comments-human-crowd-aggregate
civilcomments-28ec8faebf28e6aca572,"Then keep your damn pants zipped, Joel, and lay off the Viagra.",profanity,1,0,1,0,0,0,0.783333,0.133333,0.7,0.0,0.483333,0.0,civil-comments-human-crowd-aggregate
civilcomments-bc4accdba9ca4a1d61ba,"Good grief.....does Joe Miller have a real job or does he just live off campaign funds that people foolishly give him?.....and is it just me, or does he look like he should be on the sex offenders registry with that goofy facial hair thing that clings to his face....",insult,1,0,0,0,1,0,0.6,0.0,0.1,0.0,0.6,0.0,civil-comments-human-crowd-aggregate
civilcomments-d88250dd8641313877e1,We should exalt our glorious leader because Americans settled for chump change?,insult,1,0,0,0,1,0,0.8,0.0,0.0,0.0,0.7,0.0,civil-comments-human-crowd-aggregate
civilcomments-65a0c4a21ba1d152d095,"Only 2.5 years for running over and killing someone then fleeing the scene? He must have used the old ""my flip-flop got stuck in the accelerator"" defense that worked out so well for the teenaged drunkard/drugee white chick who got less than a year for a similar offense a couple of years ago.",insult,1,0,0,0,0,0,0.6,0.0,0.0,0.1,0.4,0.3,civil-comments-human-crowd-aggregate
civilcomments-c42c1080ed631e1e9c1f,I say grow that shit like a jungle Give 'em something strong to hold onto Let it fly in the open wind If it get too bushy you can trim (Amanda Palmer),profanity,1,0,1,0,0,0,0.701299,0.038961,0.701299,0.0,0.285714,0.0,civil-comments-human-crowd-aggregate
civilcomments-b640c339c6a79ab5ec96,The 2012 PORTER REPORT stated Honolulu can afford rail BUT will have to forgo other services. Caldwell knew Rail was grossly under-estimated from the get-go.,neutral,0,0,0,0,0,0,0.0,0.0,0.0,0.0,0.0,0.0,civil-comments-human-crowd-aggregate
civilcomments-4710e214e03a7a8e92ab,Right. Bring it on with China Bring it on with Canada Bring it on with Mexico Bring it on with Japan Bring it on with EU Bring it on with .......... Suck up to Russia,insult,1,0,0,0,0,0,0.565789,0.052632,0.263158,0.0,0.355263,0.276316,civil-comments-human-crowd-aggregate
civilcomments-81e26ddd84d802effed1,"Newfoundlanders made the same mistake twice, first with Churchill Falls and now with Muskrat Falls and Nova Scotia. Fool me once but twice... Newfoundland politicians have been nothing but self serving and basically an inept stun bunch. Give away your............and poop through your ribs.",insult,1,0,0,0,1,0,0.644737,0.052632,0.144737,0.039474,0.644737,0.052632,civil-comments-human-crowd-aggregate
civilcomments-066f93d23e7792b27a38,"Winterberry offers a holistic option to education. Honey, if you kill the teacher she won't be able to teach you any more : /",threat,1,0,0,1,0,0,0.7,0.2,0.0,0.6,0.0,0.0,civil-comments-human-crowd-aggregate
civilcomments-4af333e1b1a2b334fbdf,It takes a special teaching staff to work with a child with a disability. Kudos to the teaching staff and may your career advance twofold.,neutral,0,0,0,0,0,0,0.0,0.0,0.0,0.0,0.0,0.0,civil-comments-human-crowd-aggregate
civilcomments-102fbfa1098a3547b9ab,"Love your hysteria, water down, climate change, what up, climate change.!!!!! The Marxist has returned disguised a ""climate scientist""",neutral,0,0,0,0,0,0,0.0,0.0,0.0,0.0,0.0,0.0,civil-comments-human-crowd-aggregate
civilcomments-cbb2edfa1e22b82247c7,"One only has to ask if the world is a more peaceful and safe place than it was eight years ago. The first cases of Ebola, both brought to and starting within our shores. Escalating acts of terror, both overseas and at home. Iran taking the State department to the cleaners, and financially able to exert more influence than before negotiations with us, while basically giving up nothing of substance. Genocide at an all time high, and those seeking refugee status, at levels never seen in history. Disparity of the haves and the have nots, widening, with no end in sight. While not all of the above can be laid at the Presidents door, many could make the argument that his lackluster leadership hasn't helped.",neutral,0,0,0,0,0,0,0.0,0.0,0.0,0.0,0.0,0.0,civil-comments-human-crowd-aggregate
civilcomments-635ac1e41fd4dd169da1,"It really does not matter where anyone was born. If they are muslim they are ""ideal breeding ground for terrorist indoctrination""",identity,1,0,0,0,0,1,0.7,0.2,0.0,0.0,0.3,0.6,civil-comments-human-crowd-aggregate
civilcomments-1b2e4504b7ba9a716096,"A lot of the tension that surrounds immigration and safety, and accusations of xenophobia, are because of seemingly unequal application of the principal that is being used to push ""extreme vetting"". In my reading of the comments here and elsewhere, the logic is that 1) there is a risk of harm to Americans by immigrants so 2) we will make the process of immigration more rigorous so that 3) we will be safe. Fine, let's take this at face value and say that it's true. Then why is the enthusiasm that is generated for this approach not being applied equally across other risks? For instance, in 2014, a little less than 10,000 people in the United States died in car accidents where a driver was drunk. This is a MUCH more likely way to be injured than by an immigrant, refugee, etc. Why is there not the same logic being applied to this risk of injury? Or to many others?",neutral,0,0,0,0,0,0,0.166667,0.0,0.0,0.166667,0.0,0.0,civil-comments-human-crowd-aggregate
civilcomments-2e2bbd6c28dbd660de76,Well spoken. article. Trudeau has now thrown two women under the bus on the Voting Reform issue. Time for him to resign as a liar and misogynist.,insult,1,0,0,0,1,0,0.6,0.0,0.0,0.0,0.6,0.1,civil-comments-human-crowd-aggregate
civilcomments-85fdd08e5ed6de82c44a,"You may think he's a fool...but i implore you not to see trade as a tool that stands by itself. Think of who would Canada be relying on if the Chinese or the crazy guy in N.Korea decide to push the envelope. These scenarios may be far fetched now but one could have said the same for the Kuo Min Tang ,Singapoor ,Manchuria etc. The new Secretary of State in his confirmation hearings has all ready said that construction in the Spratly islands not only must stop but will have to be vacated.",insult,1,0,0,0,1,0,0.7,0.0,0.0,0.0,0.7,0.0,civil-comments-human-crowd-aggregate
civilcomments-16bb38bb2c74790bccfb,"The United States Constitution is a system of basic laws and principles that defines the rights of American citizens and sets limits on what the government can and cannot do. It's a living document that must beinterpreted in the context of the times in which it is applied and also in the context of the time in which it was crafted: The Constitution was written after a hard-won war for freedom and independence to end control by the oppressive governance of England. It was intended to ensure the people's right to defend itself against government overreach, to deter undemocratic or oppressive governing bodies from forming, to repel impending invasions, suppress insurrection, participate in and uphold the law, enable citizens of the United States to organize a militia and to facilitate the ""natural right to sel-defense."" Thus I am fairly certain that the second amendment was not put in place to allow anyone to commit mass murder against innocent United States citizens in times of peace.",neutral,0,0,0,0,0,0,0.0,0.0,0.0,0.0,0.0,0.0,civil-comments-human-crowd-aggregate
civilcomments-63c6217d223431560f61,"Most expensive homes are owned by holding companies. No need to register sales just transfer ownership of shares, Government is complicit in that they have done nothing of substance to reign in overheated housing. Rapid inflation always leads to rapid deflation. The bubble bursts and the shock wave will be felt throughout all the rooms of our economic house of cards. Very little money is put down on purchases and the banks are willing to lend money. No risk on their part as long as the buyer buys mortgage insurance from the Canadian tax payer (CMHC)",neutral,0,0,0,0,0,0,0.0,0.0,0.0,0.0,0.0,0.0,civil-comments-human-crowd-aggregate
civilcomments-dda5c2a5f9499e67e0d2,"No they don't . If they did they would have marched BEFORE the vote was taken in November . They look like sore losers , and losers period.",insult,1,0,0,0,1,0,0.6,0.014286,0.014286,0.0,0.571429,0.014286,civil-comments-human-crowd-aggregate
civilcomments-450b51a3dee635f12c42,"Sorry Piper, for the past several years the GOP has controlled the Congress, The State houses, and the Supreme Court. Now you know the truth about why we are screwed up. Quit whining and man up.",profanity,1,0,1,0,1,0,1.0,0.0,0.833333,0.0,0.833333,0.0,civil-comments-human-crowd-aggregate
civilcomments-ff71250e5ee28183a3e6,"Trump isn't ""open and honest""... He can't say the same thing twice and really has nothing other than a pile of BS that some folks are fooled enough to think he's being ""open and honest""....and that ""Hilary's worse"" is pretty much garbage.",insult,1,0,0,0,1,0,0.7375,0.0375,0.05,0.0125,0.7375,0.0375,civil-comments-human-crowd-aggregate
civilcomments-ded7b961e201f1caa1b3,"Out of the park, Elise. This needs repeating all through the months ahead. The gerrymandering pulled off by Torgerson and Ruderich was the knives of the oil industry stabbing deep into our state and people. Alaska's most reviled Republicans have a real hall of fame going in who can pull the most egregious stunt that benefits their chosen philosophy of their own sense of ""better than you"" and ""it's fools who play fair"", ""dying with the most toys"" and screw what it does to the average person/fellow citizen who lacks their avariciousness. That makes you a LOSER! We either turn the most egregious of 'em out this November or this state is sunk.",insult,1,0,0,0,1,0,0.6,0.0,0.0,0.0,0.6,0.1,civil-comments-human-crowd-aggregate
civilcomments-fac8d0e35587821c3c97,Wall to wall lies.,neutral,0,0,0,0,0,0,0.0,0.0,0.0,0.0,0.0,0.0,civil-comments-human-crowd-aggregate
civilcomments-e28bab75c2ff5fcafdef,"Trump invited Putin to hack the DNC server. I remember that, the audio and video was played over and over. Who refuses to remember it? Those fools who voted for Trump and now stick their fingers in their ears as more and more of his dirty tricks come to light. How about those tax returns? Why doesn't he release them, if they would prove no links with Russian Mafiosi? Maybe his tax returns would show he hasn't paid taxes in a decade, and owes more than his properties are worth?",insult,1,0,0,0,1,0,0.7,0.1,0.2,0.0,0.7,0.1,civil-comments-human-crowd-aggregate
civilcomments-9decf5c647fb7afac39d,Buh bye Ron M. Don't let the ADN paper hit you on your hypocritical behind.,insult,1,0,0,0,1,0,0.56,0.0,0.0,0.053333,0.56,0.0,civil-comments-human-crowd-aggregate
civilcomments-58b426dc09e964536f7e,"Typically, lesbians go to work, do laundry, sometimes go hiking, maybe cook, maybe go out for dinner. Typically lesbians go on vacation sometimes and some of us have dogs or cats, maybe both. I don't think lesbians typically have ferrets, but I can't tell you why. Typical lesbians keep their promises to their SO, but some of them are cheaters, just like - and I hate to hurl this insulting sumilarity - just like Republican men.",insult,1,0,0,0,0,0,0.5375,0.025,0.0125,0.0,0.375,0.4875,civil-comments-human-crowd-aggregate
civilcomments-c44f8c320b47611f4b3b,Mark it took a 3/4 vote to tap the CBR whats to say they can't over rule the veto get real! Besides your the reason the whole damn thing is an issue! Did Nancy P clue you in on its failure before our deciding Vote to create this mess. The King has no clothes Stupid,insult,1,0,0,0,1,0,0.745763,0.0,0.40678,0.0,0.728814,0.0,civil-comments-human-crowd-aggregate
civilcomments-1f108851410fc11c88a7,"It's obviously more involved than I thought. We'll cover the world's grocery stores, perhaps food courts and the like. We'll have to taste everything to kind of blend in. I'll let you know when the check arrives...",neutral,0,0,0,0,0,0,0.0,0.0,0.0,0.0,0.0,0.0,civil-comments-human-crowd-aggregate
civilcomments-8193f98174287c404247,"Unfortunately, voters seem to forget after a decade or so what it was like after voting the NDP in. Kind of like the pain of hitting yourself in the head with a 2x4 goes away after awhile when you stop, and you think hey, maybe it wasn't so bad after all. By and large Canadians aren't true socialists, but they keep voting in these fools every now and then anyhow, somehow expecting something different.",neutral,0,0,0,0,0,0,0.0,0.0,0.0,0.0,0.0,0.0,civil-comments-human-crowd-aggregate
civilcomments-e9d53f01e083ba783c9f,"Black privilege? Sure, according to you. Obama earned the presidency unlike your golden calf idol, current GOP ringmaster, and admitted (women are dogs) liar.",identity,1,0,0,0,1,1,0.84,0.106667,0.133333,0.013333,0.773333,0.613333,civil-comments-human-crowd-aggregate
civilcomments-817f512e3cba88620e4f,How would you know that ? That's complete nonsense,insult,1,0,0,0,1,0,0.5,0.0,0.0,0.0,0.5,0.0,civil-comments-human-crowd-aggregate
civilcomments-520b24b6a166d382a2e7,I wonder if the taxpayer is tired of funding all these loser for free or next to free housing? I know I am!,insult,1,0,0,0,1,0,0.6,0.0,0.0,0.0,0.6,0.0,civil-comments-human-crowd-aggregate
civilcomments-3b281af8011aa98de223,political correctness in this country has produced a society of weak-minded self-entitled (for lack of a better insult) pussies.,profanity,1,0,1,0,1,0,0.775,0.1,0.6625,0.0125,0.6,0.025,civil-comments-human-crowd-aggregate
civilcomments-7bd73e1a1b6c292f298c,No NO & NO! THIS DAMN COUNTY NEEDS TO STOP FOULING UP THE DUNGENESS RIVER! LEAVE THE RIVER ALONE!!!!!!!!!!!!!!!!!!!,profanity,1,0,1,0,1,0,0.833333,0.075758,0.772727,0.015152,0.621212,0.075758,civil-comments-human-crowd-aggregate
civilcomments-63d7b089ace6700b72fb,"And Trump blames Obama for that, not Putin. Trump thinks Putin will now respect him? Not going to happen. There's a reason Putin worked hard to discredit Hillary and to elect Trump - and it's not because Putin wants a strong America; in fact, quite the opposite. Trump is a fool.",insult,1,0,0,0,1,0,0.786885,0.04918,0.065574,0.0,0.819672,0.032787,civil-comments-human-crowd-aggregate
civilcomments-b3b5db06d1bd319c4463,"Another issue we should be concerned with, is Trump's discretionary drug use. Trump has taken Propecia (finasteride) - to help prevent male pattern baldness - for many years, according to a report released by his doctor. The side effects of this drug are legion, and serious. The term post-finasteride syndrome (PFS) has been coined and hundreds of lawsuits have been brought in regard to its sexual side effects, (shrinking penis, poor sexual function) and the drug's effects on cognition, mood and mental states have been documented in the scientific literature. Many users noted a ""disconnection between the mental and physical aspects of sexual function,"" and changes in mental abilities, sleeping patterns, and/or depressive symptoms. Sound familiar? Trump must be particularly insecure to take this drug. Not a good quality in a world leader with the means to kill billions at his fingertips. For those interested see ...",insult,1,0,0,0,0,0,0.5,0.1,0.1,0.1,0.3,0.1,civil-comments-human-crowd-aggregate
civilcomments-a8bda3b7233d44aa839d,Do you think it has something to do with voters not giving a crap what happened 10 years ago and would like to focus on the future? Or is it because people are more focused on policy than social justice?,profanity,1,0,1,0,0,0,0.6,0.0,0.5,0.0,0.4,0.1,civil-comments-human-crowd-aggregate
civilcomments-75ba88d4c253400954b5,"Gorsuch had better be careful. Trump can pull his nomination at any time. There are Trump loyalists who would love to take Gorsuch's place on the Supreme Court. Kellyanne Conway for example would be a great choice, notwithstanding that she looks like a meth addict found drowned in a swimming pool.",neutral,0,0,0,0,0,0,0.0,0.0,0.0,0.0,0.0,0.0,civil-comments-human-crowd-aggregate
civilcomments-2455e40d8a4b36e57c3b,"Wow, didn't know that the survival rate was only 12%. Perhaps all phone companies should have the app installed automatically in all phones and just have them be location specific for when you travel.",neutral,0,0,0,0,0,0,0.0,0.0,0.0,0.0,0.0,0.0,civil-comments-human-crowd-aggregate
civilcomments-9f2b290795b3e9ec37c1,Paid hot lunch is simply unfair. Kids shouldn't be second class citizens in their own school. Lower income parents should not be made to ask for handouts. Richie rich parents should find other paid solutions outside of the system.,neutral,0,0,0,0,0,0,0.0,0.0,0.0,0.0,0.0,0.0,civil-comments-human-crowd-aggregate
civilcomments-3690f52cf29231bd4e82,"No, they're toxic because your masters don't care if they kill their slaves.",insult,1,0,0,0,0,0,0.527027,0.027027,0.027027,0.27027,0.243243,0.148649,civil-comments-human-crowd-aggregate
civilcomments-14638f2498cf131fad31,GFNC55 - I believe the courts denied the legality of the lease. You didn't read that part?,neutral,0,0,0,0,0,0,0.0,0.0,0.0,0.0,0.0,0.0,civil-comments-human-crowd-aggregate
civilcomments-421e498b7439f72ae943,"It is definitely a collision. Whether or not it is an accident remains to be seen. #crashnotaccident. Our roads would be much, much safer if motorists would avoid all of them all of the time. :)",neutral,0,0,0,0,0,0,0.0,0.0,0.0,0.0,0.0,0.0,civil-comments-human-crowd-aggregate
civilcomments-71afbb0c755470edc0c0,"'Nough to make your hair hurt, hmm, Rick?",neutral,0,0,0,0,0,0,0.0,0.0,0.0,0.0,0.0,0.0,civil-comments-human-crowd-aggregate
civilcomments-db1fc6b183975508fd02,"Burglars have gotten more people killed that just about any other crime. Countless innocent children and spouses have been shot by family members fearful of those entering occupied dwellings. I stand by my comment: I hate burglars with a purple passion: they are in the same category as rapists as they strip people of their sense of security: they violate us in many ways. The only reason I don't support the death penalty for them is that I'm opposed to this due to the imperfection of the system. That being said, If someone shoots and kills a burglar in the act, I congratulate them and celebrate the grand occasion.",threat,1,0,0,1,0,0,0.7,0.0,0.1,0.6,0.2,0.0,civil-comments-human-crowd-aggregate
civilcomments-b98a756684e523ad31fc,"It's past my bedtime and I'm too tired to read the long column (sorry), so my takeaway is merely that Tabatha has much superior hair to Trump's orangutan-orange comb-forward. In fact, Tabatha's a relative hair-goddess compared to hair-clown Trump!",insult,1,0,0,0,1,0,0.6,0.0,0.0,0.0,0.6,0.0,civil-comments-human-crowd-aggregate
civilcomments-ee484dfe1b0edca8fde4,"He said, she said, but he fired the missiles anyway.",threat,1,0,0,1,0,0,0.5,0.0,0.0,0.6,0.0,0.1,civil-comments-human-crowd-aggregate
civilcomments-1e6b0ae25527c30fdef7,PCWarrior : That was a very honest clip except its not unstoppable but we have to act soon or the donkeys will continue the project and destroy the chances of fixing our infrastructure.,insult,1,0,0,0,1,0,0.6,0.0,0.0,0.0,0.6,0.0,civil-comments-human-crowd-aggregate
civilcomments-8934fcf7ae2aa295cf81,"Mike will forever be one of my all-time favorite people! His cart was more than a place to grab a great meal. His hugs were genuine, his laughter was heartfelt, his kindness and generosity were 2nd to none. His humor laced ""asshole"" wit and antics matched mine perfectly! Mike made a 13 yr customer out of me from day 1 and I never visited any other street vendor! The experience, the laughs, the encouraging words and the memories shared between us will never be forgotten! You will always be a great dude in my book! I am definitely going to miss you deeply! There will NEVER be another M.A :-(",profanity,1,0,1,0,1,0,0.8,0.2,0.7,0.0,0.7,0.0,civil-comments-human-crowd-aggregate
civilcomments-9212ac2312c6a94a8b10,Maybe we just need to tax the people so we can all afford a lobbyist! Maybe eliminate the home owner's tax cap too. We may need more than one lobbyist I wonder how much money ASD will ask the voters to vote on next election?.,neutral,0,0,0,0,0,0,0.0,0.0,0.0,0.0,0.0,0.0,civil-comments-human-crowd-aggregate
civilcomments-851ffcd5a9d8244f21e0,"Incorrect, it is sexist. Saying it isn't doesn't make it not sexist.",neutral,0,0,0,0,0,0,0.0,0.0,0.0,0.0,0.0,0.0,civil-comments-human-crowd-aggregate
civilcomments-2af88f08823b6aa0dd20,"Oh, they probably understand, but they just do not care. They don't care about anyone but themselves. Actually I'm wrong. They DO care, but they care about hurting, bothering, disrupting, and annoying as many people as possible, because to them, that represents ""freedom."" And I'm not just talking about fireworks. To so many yokel Americans, acting like the biggest jerk possible is how they express their ""patriotism."" If you were to ask such a person, ""hey, could you please not do that? I have PTSD from Vietnam,"" they'd just reply ""screw you buddy! Get some earplugs! This is the sound of FREEDOM!"" It's just obnoxious.",insult,1,0,0,0,1,0,0.725,0.05,0.4375,0.025,0.7,0.025,civil-comments-human-crowd-aggregate
civilcomments-3d3b4ebd37f4add57888,". ""Nadiya Savchenko believes her country needs ‘more or less a dictatorship’ to stand up to Russia and win "" - Sounds like she was brain-washed while a Russian prisoner. It's an old tradition of Russian dictators to psychologically torture those unfortunate enough to be their victims. .",insult,1,0,0,0,0,0,0.5,0.0,0.0,0.1,0.3,0.3,civil-comments-human-crowd-aggregate
civilcomments-d801a1155c3d96c8e6e9,The New York office of the FBI had Weiner's laptop for a month before handing it over to Comey plenty of time to plant a duplicate set of Clinton's emails on his computer. The investigation showed the emails to be duplicates which is why Comey said a couple days before the election he had nothing on Hillary Clinton.,neutral,0,0,0,0,0,0,0.0,0.0,0.0,0.0,0.0,0.0,civil-comments-human-crowd-aggregate
civilcomments-a114e95ea9c247c259cc,Wow you have a problem! Are you racist? Do you have a problem with Aleut people? Do you REALLY think we are that STUPID?,insult,1,0,0,0,1,0,0.761194,0.044776,0.134328,0.0,0.716418,0.104478,civil-comments-human-crowd-aggregate
civilcomments-6a9b9618d76ea6e8ca10,"If no other school districts allow Muslims to pray at school, why do Peel district school allows it? More important, if muslims in other school districts are okay with not praying at school, why are muslims in Peel so demanding?",neutral,0,0,0,0,0,0,0.2,0.0,0.0,0.0,0.0,0.2,civil-comments-human-crowd-aggregate
civilcomments-0666e41ead71f2337de7,"60% of their exports go to England, what would their GDP be without that? Good luck with the EU picking up that 60%. It's like saying Canada would do just great without a trade agreement with the US that gets 60% of our exports as we could always send them to the EU that we have signed a trade pact with. Without the equivalent of equalization payments and free trade , 5 million Scots will feel the impact more than 60 million Brits. As they say of Canada and the US , Scotland is a mouse living next to a giant.",neutral,0,0,0,0,0,0,0.0,0.0,0.0,0.0,0.0,0.0,civil-comments-human-crowd-aggregate
civilcomments-ea7d2d7580371bb9f458,"What a shameful way to treat this man. And what a waste of a man's great capabilities. All because some bigot named Boyko found personal pleasure in attacking this good person. I don't know how Boyko can even look at his own face in a mirror. The reflection of a heinous monster staring back at him should be enough to cause him to change his ugly soul. But apparently it isn't. But you know, for every ugly person out there like Boyko, there's more of us who aren't like him. I support my LGBT community members and will always stand up and vote to protect them from unfair practices. It's taking a long time to get where we need to be, but it WILL eventually happen. People are starting to see the light. And one thing we can count on is that eventually all the old bastards that are currently being jerks will die off. And maybe that will make room for more people who can actually affect change. Good luck to Judge Carlson and his husband. I just hope the best comes their way. Don't lose hope.",insult,1,0,0,0,1,0,0.5,0.0,0.3,0.2,0.5,0.1,civil-comments-human-crowd-aggregate
civilcomments-e5f05a30efc33f088f1a,"""Old money gets divided among more charities and heirs, and where is Hult Lumber today? Lane Plywood? Barker Lumber? Hunington Cedar? Giustina Lumber? and a hundred others?"" You forgot Booth Kelly. Had all of the lumber companies stayed in business, they'd be out of the lumber business anyway and would be grazing sheep on the denuded hillsides. If lumber barons are left to their own greed, there would be the same effect as the towns of Mabel and Wendling and so many other boom towns that disappeared with the lumber.",neutral,0,0,0,0,0,0,0.0,0.0,0.0,0.0,0.0,0.0,civil-comments-human-crowd-aggregate
civilcomments-0360d1cf1bd4dd299795,"Krauthammer is a sad piece of work. He spends most of his air time ranting against Mr. Trump, then writes this piece about the obvious criminal enterprise called Clinton. Krauthammer has been hostile to the heroes Snowden, Manning and Wikileaks which we would be in the dark without. His pious statement that he will write in some name on the ballot shows his ignorance. One of two candidates will become President. Mr. Trump has a vision for America first. Clinton wants a world with a hemisphere of open borders, trade agreements to benefit the globalists, and late term abortions.",neutral,0,0,0,0,0,0,0.3,0.0,0.0,0.0,0.3,0.0,civil-comments-human-crowd-aggregate
civilcomments-db3a09f781cab9862be1,Too bad long winded comments aren't indicative of intelligence because then you might actually be the genius you think you are. Cheers!,neutral,0,0,0,0,0,0,0.0,0.0,0.0,0.0,0.0,0.0,civil-comments-human-crowd-aggregate
civilcomments-abe32dfebaa8d21d150e,"You already got it, and it was a swing and a miss on your part. As is normally the case with fans, they blame the umpire for making a bad call a few pitches ago, so they claim they had to swing at the last pitch, that sort of thing. I don't care who's been Your Leafs best player, but I do know it is not Andersen, which is what several media types who should know better have been saying. Those who said he was were just making it up. You have not yet disagreed with that, so going to infer you implicitly acknowledge that I am on the right track.",neutral,0,0,0,0,0,0,0.0,0.0,0.0,0.0,0.0,0.0,civil-comments-human-crowd-aggregate
civilcomments-a7a308c9bc2796b5d416,"There is no place for religious practices in public schools in a secular society. Students should be taught critical thinking, not faith. Faith is for home and place of religious worship. There should be room, however, in the school curriculum for a critical and comparative understanding of the beliefs of the world's major religions.",neutral,0,0,0,0,0,0,0.0,0.0,0.0,0.0,0.0,0.0,civil-comments-human-crowd-aggregate
civilcomments-8a7a81ebb8a5e503caf1,So does not collecting enough revenue to pay the bills as it turns out.,neutral,0,0,0,0,0,0,0.0,0.0,0.0,0.0,0.0,0.0,civil-comments-human-crowd-aggregate
civilcomments-262c85762ea198e74f25,"And speaking of those afflicted with fake news syndrome, here'e one now. Way to repeat the crap mr beckster.",profanity,1,0,1,0,1,0,0.725,0.0375,0.6125,0.0125,0.5625,0.0,civil-comments-human-crowd-aggregate
civilcomments-ab7c146cb74d0a43c3d7,Gruening bore a strange resemblance to a cartoon character called Mr Magoo. At least to some of us....His antics were often similar as well.,neutral,0,0,0,0,0,0,0.0,0.0,0.0,0.0,0.0,0.0,civil-comments-human-crowd-aggregate
civilcomments-0bd4b4d261f87c1f296e,"India and China make garbage en masss, to even suggest we are near that? Bizarre.",insult,1,0,0,0,0,0,0.55,0.0125,0.025,0.0,0.4625,0.35,civil-comments-human-crowd-aggregate
civilcomments-3d547661746a979bb316,"He's saying he agrees with others who say the same thing. He also points out that squabbling over unfairness is not the worst of Trump's sins, nor the least, but because of what we know such complaints reveal about a person's maturity, and thereby their fitness for certain duties and responsibilities, Trump really should not be left unattended in the Oval Office, with or without sharp objects and padded surfaces.",neutral,0,0,0,0,0,0,0.0,0.0,0.0,0.0,0.0,0.0,civil-comments-human-crowd-aggregate
civilcomments-ee82c95045786251cf0a,Giuliani has lost clarity. He embarrasses himself almost daily.,neutral,0,0,0,0,0,0,0.0,0.0,0.0,0.0,0.0,0.0,civil-comments-human-crowd-aggregate
civilcomments-159690bae7247acaccff,"You're wrong. You could have just accepted the correction, but now you're adding a hefty air of desperation to your self-presentation. You claimed ""They've been killing lots of civilians, including children, in Aleppo,"" and the UN HR spokesperson Rupert Colville had stated ""we've also been informed that pro-government forces have been entering civilian homes and killing those individuals found inside."" Since then, Rupert Colville has backed away from that assertion, saying these are only allegations, and ""it is very challenging to verify reports."" I didn't say the UN backed off the reports of executions, which would imply the reports are not being looked into, but that the UN has ""backed off the claim that there are summary executions in East Aleppo,"" which means that the UN is not stating them as de-facto, whereas the ""we've been informed"" comment was. Therefore, your ""they've been killing"" assertion is baseless. And please, stop liking your own posts with your puppet accounts.",insult,1,0,0,0,1,0,0.5,0.0,0.0,0.0,0.5,0.0,civil-comments-human-crowd-aggregate
civilcomments-a45423882edf3bf82181,"I don't reconcile those things. I don't understand how anybody could vote for Trump. But I know that virtually half the voters did and I don't believe they are all fire-breathing, racist misogynists or morons. No, it doesn't make sense. But passing judgment on all those people because I don't like how things turned out doesn't make sense either. More importantly, if I assume I already know all the answers I won't learn anything useful. And I am determined to learn from this.",insult,1,0,0,0,0,0,0.5,0.0,0.2,0.0,0.4,0.4,civil-comments-human-crowd-aggregate
civilcomments-783c81e171bcc3ca6d84,Seems like you didn't even pay attention to the ktva story because Gin Berry in the interview flat out stated she was their friend so your statement about seeing her on erick almindingers facebook is stupid to say the least,insult,1,0,0,0,1,0,0.728571,0.042857,0.085714,0.0,0.728571,0.014286,civil-comments-human-crowd-aggregate
civilcomments-a4d2ac7637dea6f237c4,"One and a quarter percent increase over each of 3 years for Ontario doctors. Cutbacks on special needs school children. Yet $ 1 billion and counting for four liberal seats -- e-health billions wasted, Orange, MARS, and the list goes on. This woman is tone deaf and no friend of Ontario people. Just another grubby, grasping pol.",insult,1,0,0,0,1,0,0.7,0.0,0.0,0.0,0.7,0.0,civil-comments-human-crowd-aggregate
civilcomments-8e6556faa491c1a045e2,"And today in Arizona, he is running 4th with 10% against Trump's 47%. 226,000 Trump votes and 48,000 Kasich. And zero Arizona delegates. He's currently tied with Trump in Utah with both getting 15% against Cruz' 69%. That isn't even ""Also Ran"".",neutral,0,0,0,0,0,0,0.0,0.0,0.0,0.0,0.0,0.0,civil-comments-human-crowd-aggregate
civilcomments-fda0e2cda0d16e136513,"please do not fly with young kids, and dont expect the kids to be tying up the seats with more legroom either - they are short you know",neutral,0,0,0,0,0,0,0.0,0.0,0.0,0.0,0.0,0.0,civil-comments-human-crowd-aggregate
civilcomments-c8972acbf55b68c1b674,Any republican claiming the moral high ground because they oppose gay marriage and abortion should be reminded that they voted for a man who bragged about grabbing women by their pu$$ies and whose wife has posed naked for a lesbian photo shoot!,identity,1,0,1,0,1,1,0.8,0.0,0.5,0.0,0.6,0.6,civil-comments-human-crowd-aggregate
civilcomments-a24ba692af8bcf57e8d0,"Have you read the second chapter of the Epistle of James? What good is it, my brothers and sisters, if you say you have faith but do not have works? Can faith save you? If a brother or sister is naked and lacks daily food, and one of you says to them, ‘Go in peace; keep warm and eat your fill’, and yet you do not supply their bodily needs, what is the good of that? So faith by itself, if it has no works, is dead. -- James 2:14-17 Catholics know that we are saved by faith -- we have read the Epistle to the Romans. We also know that if your faith does not change the way you act, then your faith is a sham.",neutral,0,0,0,0,0,0,0.2,0.0,0.0,0.0,0.0,0.0,civil-comments-human-crowd-aggregate
civilcomments-7e01a2580bda34767a34,"Douglas, Actually I'm a little embarrassed as you remind me of the common meanings of the word. 'What a maroon"" is a Bugs Bunny phrase mispronouncing ""moron"".",insult,1,0,0,0,0,0,0.5,0.0,0.3,0.0,0.4,0.0,civil-comments-human-crowd-aggregate
civilcomments-0fcb22573cc34d2b208d,"this guy is the reason trump won. a democrat scolding us for not being more productive. the kids coming out of school right now have been taught that global warming is going to end life, making money is evil and there is no social justice and on top of that they all want to smoke pot. this is all brought to you by the democrat party teachers union. I think they have really done their best to make kids think twice before they go out and start a evil, planet destroying job. or and industry. I find when I hire kids to go seining that the first thing their on the lookout for is bycatch because a teacher told them all fishing is just plain raping the earth.This guy is such a smug elite that he can make you sick and want to vomit. I used to think that anchorage was Alaska but I am beginning to think its a lost cause",neutral,0,0,0,0,0,0,0.0,0.0,0.0,0.0,0.0,0.0,civil-comments-human-crowd-aggregate
civilcomments-3c33980b7cd00634f413,"How can you hedge on presidential campaign promises when you are not yet the president? Oh, silly me, I should know that facts don't matter to the media.",neutral,0,0,0,0,0,0,0.4,0.0,0.0,0.0,0.4,0.0,civil-comments-human-crowd-aggregate
civilcomments-b7d50a8a63eecbb14544,"Or maybe stabbed, hacked to death with a machete or run over with a vehicle.",threat,1,0,0,1,0,0,0.5,0.0,0.1,0.6,0.0,0.0,civil-comments-human-crowd-aggregate
civilcomments-748a0802686e5d699991,You Sue are an idiot.,insult,1,0,0,0,1,0,0.857143,0.017857,0.160714,0.0,0.875,0.017857,civil-comments-human-crowd-aggregate
civilcomments-7c3581076f71d28d78ff,I am sure it is very useful for those on a fixed income. Unfortunately it perpetuates a cycle of dependency that is unhealthy.,neutral,0,0,0,0,0,0,0.0,0.0,0.0,0.0,0.0,0.0,civil-comments-human-crowd-aggregate
civilcomments-059e979a087aa699ed93,good deed but his food is very crappy,neutral,0,0,0,0,0,0,0.346667,0.026667,0.093333,0.0,0.32,0.0,civil-comments-human-crowd-aggregate
civilcomments-8b189be6711768045fec,"Tens of thousands of Canadians were 15, 16, 17 and 18 when they joined the Canadian military in 1914 and 1939. They were all soldiers and being killed or killing others. Didn't you see any of the CBC documentaries on Vimy Ridge recently? Arbitrary age is no excuse for deliberate terror.",neutral,0,0,0,0,0,0,0.0,0.0,0.0,0.0,0.0,0.0,civil-comments-human-crowd-aggregate
civilcomments-e3509a72b7480e352218,"(No oil bearing province in the world pays the oil companies to take their oil.) ""Oh I’m sure Alaska isn’t the only one. No doubt there are other countries doing the same thing"" That's probably true. You're likely going to have to look to the Third World to find folks that corrupt or dumb, though...",insult,1,0,0,0,1,0,0.833333,0.0,0.0,0.0,0.833333,0.0,civil-comments-human-crowd-aggregate
civilcomments-df5ad385a7b3bf45c505,Are you advocating that if a child is unwanted it is better to kill it?,threat,1,0,0,1,0,0,0.6,0.1,0.0,0.6,0.0,0.0,civil-comments-human-crowd-aggregate
civilcomments-706261a7334fcc085087,"LOL And this one...1Cor 6:19-20 ""... that you are not your own?""",neutral,0,0,0,0,0,0,0.0,0.0,0.0,0.0,0.0,0.0,civil-comments-human-crowd-aggregate
civilcomments-2ad6bd7f7dffd26a6097,"They should not be ""performances"".",neutral,0,0,0,0,0,0,0.0,0.0,0.0,0.0,0.0,0.0,civil-comments-human-crowd-aggregate
civilcomments-24f3bbf13eb321efda53,"Yeah ironically enough I could have voted for him over Hillary. But I just cannot vote for Trump. His bigotry and overbearing insanity is too Reagan or Hitler like for my happiness. Yes I'd take a liar over a narcissistic sociopath any day. But my preference would have been someone like John Kasich, sheesh I would of voted for Warren Buffet truth be told if he would have ran.",insult,1,0,0,0,0,0,0.5,0.1,0.1,0.1,0.4,0.1,civil-comments-human-crowd-aggregate
civilcomments-786c3e536ce4b05b69c1,Thank you John. You have identified the incredible hypocrisy that masquerades as populism and pointed to the country-unifying features of CBC even if occasionally what unifies parts of the country is making fun of it.,neutral,0,0,0,0,0,0,0.4,0.0,0.0,0.0,0.3,0.0,civil-comments-human-crowd-aggregate
civilcomments-6db30a84281d51aab627,"Golly Gee who give a shit, they have opened the door to all immigrants come on free money any you want.",profanity,1,0,1,0,0,0,0.930556,0.111111,0.847222,0.0,0.430556,0.180556,civil-comments-human-crowd-aggregate
civilcomments-22edcf7a9d8f16257db6,"""PeaceHealth lowered the base amount of severance pay for health caregivers early this year. But Marcy Marshall, PeaceHealth spokeswoman in Eugene, on Thursday said the company hadn’t changed the base amount. She confirmed, however, that PeaceHealth changed its severance policy in regards to employment after layoff."" I don't believe in coincidences. I believe there's an incidental relationship between the change in the severance policy and this 'strategic engagement'. When money is involved some people and organizations play dirty pool if they think they can get away with it or nobody can stop them.",neutral,0,0,0,0,0,0,0.0,0.0,0.0,0.0,0.0,0.0,civil-comments-human-crowd-aggregate
civilcomments-62f103c21bb149a68a85,Do you work for her? What concessions? All Wallonia wanted was more than a day to review the final agreement.,neutral,0,0,0,0,0,0,0.2,0.0,0.0,0.0,0.2,0.2,civil-comments-human-crowd-aggregate
civilcomments-e457e5caacebd6a08de5,"Perhaps I was a bit presumptuous. Regardless, you're making it all too obvious that you're avoiding my point about Michael Dukes. There's also Lance Roberts; as his current role as an anachronism on the local political scene has gained him some small measure of national media attention, he's not exactly a nobody, either. They just don't fit within the prevailing controlled narrative. And FWIW, I also know Schaeffer. I know that his activities were scaring the ""normal folks"" / ""pillars of the community"" at least 2 or 3 years before the public at large took any notice. From what I've heard or read the past few years, we've all managed to forget that one of his claimed targets was Ralph Beistline, who epitomizes the ""good ol' boys club"" in Fairbanks perhaps more than any other living person. I also know various ""idiot minions"", though you can't exactly call them idiots considering that they were the ones who bailed from the militia when it starting turning in that direction.",insult,1,0,0,0,1,0,0.6,0.0,0.1,0.0,0.6,0.0,civil-comments-human-crowd-aggregate
civilcomments-09909e921e1a934c2cea,"In Henry VI, Dick the Butcher: ""The first thing we do, let's kill all the lawyers"" ~Shakespeare",threat,1,0,0,1,0,0,0.640625,0.046875,0.0625,0.625,0.125,0.0625,civil-comments-human-crowd-aggregate
civilcomments-1b90fa035cc3bba2eef5,"Yep, between the lines O doesn't really support it, he's suggesting strict control which is OK by me. The whole thing is a Trudeau fiasco, the moron thinks the underage people will stop buying and the street vendors will go away, not likely",insult,1,0,0,0,1,0,0.7,0.0,0.2,0.0,0.7,0.0,civil-comments-human-crowd-aggregate
civilcomments-ea07f72a62a82a46263e,when is st .vincent de paul ....going to start giveing the homeless some clothing......right now all thay give is a $15 doller voucher....every 3 months.....st vincent de paul is a fake charity.....,neutral,0,0,0,0,0,0,0.142857,0.0,0.0,0.0,0.142857,0.0,civil-comments-human-crowd-aggregate
civilcomments-7c082ab475e28cde8837,No president since ww2 has started with the deck stacked against him like Obama did.,neutral,0,0,0,0,0,0,0.0,0.0,0.0,0.0,0.0,0.0,civil-comments-human-crowd-aggregate
civilcomments-cdf48ba0a6ede679fbb9,"You talk about paradise while we dump sewage into our near-shore water on a regular basis. It's gotten so out of hand that the news now regularly reports high bacteria levels. If folks really knew what they were swimming in, they wouldn't be swimming. Local politicians have dipped their beaks long enough. They have devastated our once beautiful island in the name of lining their pockets, and nobody sees to care. With the most pathetic voter base in the nation, Hawaii continues to elect those who do them the most harm, and you want to promote signage?",insult,1,0,0,0,0,0,0.5,0.0,0.1,0.0,0.4,0.0,civil-comments-human-crowd-aggregate
civilcomments-912dfda3da620a18b0bb,"Plagiarism in journalism looks to be down, right Peg?",neutral,0,0,0,0,0,0,0.0,0.0,0.0,0.0,0.0,0.0,civil-comments-human-crowd-aggregate
civilcomments-da66f7e9d8a4b58b00f2,Look in the mirror you pathetic clown.,insult,1,0,0,0,1,0,0.894737,0.026316,0.026316,0.0,0.868421,0.0,civil-comments-human-crowd-aggregate
civilcomments-85fae19b03c1bfc5bac3,This stuff will all die off as people tire of using their phones and computer and watching TV. Adults are the worst offenders. Too much screen time. Information overload. I wish it was 2006...,neutral,0,0,0,0,0,0,0.0,0.0,0.0,0.0,0.0,0.0,civil-comments-human-crowd-aggregate
civilcomments-30fe57c5a1a2422cfe47,"the republicans showed a surprisingly weak field of candidates and the press totally let trump build this bizarre image and following...historically much like hitler. actually a lot like hitler.... "" ain't it crazy, ain't it crazy, keep on working that thing...""",neutral,0,0,0,0,0,0,0.181818,0.0,0.0,0.0,0.090909,0.181818,civil-comments-human-crowd-aggregate
civilcomments-98eb17fe0957e5d4a3ca,"Yes. As is the M1911, the Winchester M1897, the M1 Garand, the M1 carbine, the M14, the Baretta 92, the Glock 17, pretty much every firearm out there is designed to kill, really fast.",insult,1,0,0,0,0,0,0.5,0.1,0.0,0.4,0.0,0.0,civil-comments-human-crowd-aggregate
civilcomments-2a15e071fd47a298523d,"Accidentally? Lol. I am not sure what's going on here, but no one accidentally shipped $1500 worth of anything anywhere, and there's not a cop alive who would actually think someone did.",neutral,0,0,0,0,0,0,0.0,0.0,0.0,0.0,0.0,0.0,civil-comments-human-crowd-aggregate
civilcomments-90abd4b0db92eef57a27,"What ??? A private island, a 160ft yacht, a billionarre, what's the problem???? Canada is back, this is the change the Kardashian crowed voted for!!! God help us.",neutral,0,0,0,0,0,0,0.0,0.0,0.0,0.0,0.0,0.0,civil-comments-human-crowd-aggregate
civilcomments-f4fcf7f051e20d826280,"I will pay YOU to rent one of my pets. I go by total pet weight so it might be the old, farty, blind, deaf and huge dog. or a couple of little ones that think they are pit bulls. clean up bags included. and I will definitely bring them to YOU. I've also got something in the crawl space....i'll just throw that in... but really, isn't that about the strangest deal you've heard? who rents a dog like that? there was a place here that rented dogs out by the hour to joggers who wanted the safety while being on some of the paths. that made sense - I don't see an upside to this deal.",neutral,0,0,0,0,0,0,0.0,0.0,0.0,0.0,0.0,0.0,civil-comments-human-crowd-aggregate
civilcomments-017d12d40a41d9ee1f1d,are you crazy? She has become a fiend.,insult,1,0,0,0,1,0,0.739726,0.013699,0.068493,0.0,0.712329,0.027397,civil-comments-human-crowd-aggregate
civilcomments-b02f6fb29f83dd325daa,You wrote: <i>The source of the teaching is God.</i> You care to spec that out?,neutral,0,0,0,0,0,0,0.0,0.0,0.0,0.0,0.0,0.0,civil-comments-human-crowd-aggregate
civilcomments-6d4fe47ed3f1d6d5efde,"What will you do differently from our current legislature that will get a workable budget passed? If necessary, are you willing to compromise to do this?",neutral,0,0,0,0,0,0,0.0,0.0,0.0,0.0,0.0,0.0,civil-comments-human-crowd-aggregate
civilcomments-3509689a6854c87421de,"even if he grew up in Cambodia he was exposed to their new age of consent laws since his teens, and he should be aware of legal age here in the US. he is a student so he's exposed to his peer groups conversations about sex.",neutral,0,0,0,0,0,0,0.2,0.0,0.0,0.0,0.1,0.0,civil-comments-human-crowd-aggregate
civilcomments-aa4825ac86cfa826e854,"DON'T DO IT GARNEAU. The American-Anglo empire have declared war on Middle East Muslims for 25 years. Bombed the hell out of them. Make sure their world is in constant turmoil. Make sure they do not rise up to challenge Christianity. Canada have participated in these missions but only partially, under certain principles and restrictions. That's because Canada is not vassal of American-Anglo empire of conquest. We have relations with them only to serve our interests. We DO NOT conquer other people's lands, civilization, or their religions. But you don't grind up an ancient civilization without blowback, retaliations. The American-Anglo blowback just keep getting bigger, no sign of ending. They keep putting up higher security walls, to the point of insanity. But they keep the bombing. DO NOT join in their insanity. Keep our cautions but maintain good relations with the world's civilizations. There is no need to ban electronics from anywhere. Check them carefully, but NO BAN.",neutral,0,0,0,0,0,0,0.2,0.0,0.0,0.0,0.2,0.0,civil-comments-human-crowd-aggregate
civilcomments-f07febf29b44669dc7e5,"What do you expect MJ Board. Marijuana smokers by nature are rebels. You were given a job to bring a new industry to Alaska and all you can think about is ""how can we stop these people"". In your face MJ Board until you get the message. You may write the regulations but you do not regulate rebels. Push as hard as you want but all you will succeed in is bringing rebellion to your front door.",neutral,0,0,0,0,0,0,0.0,0.0,0.0,0.0,0.0,0.0,civil-comments-human-crowd-aggregate
civilcomments-6389476b2c9444d377dd,"Klansmen and Nazis comprise essentially zero percentage of Trump supporters so the comment you probably thought enlightened is really completely irrelevant. I wonder how many murderers and rapists support HRC. Actually, who cares. Extremists of all flavors are just not part of the solution.",neutral,0,0,0,0,0,0,0.293103,0.017241,0.034483,0.0,0.224138,0.051724,civil-comments-human-crowd-aggregate
civilcomments-8844c3d55f851f7b15cf,I wonder how many of them are going to feel welcomed after. They will all probably leave for Montreal if not Toronto after stupidity like this.,insult,1,0,0,0,1,0,0.776316,0.013158,0.144737,0.0,0.671053,0.013158,civil-comments-human-crowd-aggregate
civilcomments-727ac823d19e6bfb31ca,"I find it ironic that the government keeps targeting remote villages for upgrades with respect to running water, but my daughter lives (in) Fairbanks and has an outhouse and no running water. Just maybe we should also look closer to Alaskan cities and not just remote villages?",neutral,0,0,0,0,0,0,0.0,0.0,0.0,0.0,0.0,0.0,civil-comments-human-crowd-aggregate
civilcomments-3224ed583443d4529c06,"We get the government we elect. If our government sucks, it's our own fault.",insult,1,0,0,0,0,0,0.507246,0.0,0.072464,0.0,0.449275,0.043478,civil-comments-human-crowd-aggregate
civilcomments-a291208ee0dae921af04,"Correction to ""Tell the Truth"": The Alaskan Republican primary EXCLUDES independents (and others) who are not registered Republicans. Since a huge number of Alaskans are non-partisan (is it 1/2?), this exclusion narrows the final pool of candidates more than the comment above suggests. Only the Democratic primary allows independents to vote. This is a state-by-state, and party-by-party decision. Some states have totally open primaries, others, as in Alaska, are open by one party and not by the other. For more information, research the term, ""Open Primaries.""",neutral,0,0,0,0,0,0,0.0,0.0,0.0,0.0,0.0,0.0,civil-comments-human-crowd-aggregate
civilcomments-c4fa69215dd2d58453a8,Well that just caused yet another avalanche of freakin' paperwork. F*k the middle class. It's coming.,profanity,1,0,1,0,0,0,0.55,0.0,0.55,0.0,0.35,0.1125,civil-comments-human-crowd-aggregate
civilcomments-890f3253fdb6a6132e95,"Craig Stevaux - You've got it all wrong like the rest of your sad ilk. Even Christians, Jews and atheists from those countries would be temporarily banned just like the Muslims. Try reading the regulation and quite promoting a lie. Typical!",insult,1,0,0,0,0,0,0.5625,0.0375,0.0125,0.025,0.3875,0.45,civil-comments-human-crowd-aggregate
civilcomments-367bea27cd24ef88c294,Do please make use of the cliff yourself and follow the Dumpster - I am sure you will enjoy the experience!,insult,1,0,0,0,0,0,0.5,0.0,0.0,0.2,0.4,0.0,civil-comments-human-crowd-aggregate
civilcomments-d56454ebf32c90b25af8,Please tell me you did not just actually try to equate intervention in Israel's politics as equally concerning to us Americans as Russian intervention in US elections?,neutral,0,0,0,0,0,0,0.0,0.0,0.0,0.0,0.0,0.0,civil-comments-human-crowd-aggregate
civilcomments-c2d27b2cdf56a746cb58,"Paul: If I run across any of those ""liberals wih extreme arrogance that are not religious"" I'll relay your message. Meanwhile, I'm not sure discussing the question of infidelity is ""trash talking."" To me ""loyalty"" is a very important personal quality and adultery is an act of disloyalty.....if I may coin a phrase ""an act of marital treason."" I've already admitted to being a prig on this issue..... P.S.: I've also been called a ""pompous ass""...... that's probably somewhat akin to having ""extreme arrogance""..... maybe I should dye my hair (what's left of it) orange and run for the presidency. oh well, those damn slings and arrows.....regards, Gary",profanity,1,0,1,0,1,0,0.7,0.0,0.7,0.0,0.6,0.0,civil-comments-human-crowd-aggregate
civilcomments-464d058d7302620fc450,Really I was 12 when I slep with a 20 year old girls at those ages know how to pull crap over guys this is bull crap the parents and crap need to stop thinking that they r all good and nice when in fact behind there backs there freaken evil this boy shouldn't of been charged this is getting out of hand,profanity,1,0,1,0,1,0,0.727273,0.090909,0.636364,0.0,0.545455,0.0,civil-comments-human-crowd-aggregate
civilcomments-beab9a1765b3faf9d210,"ME neither. Must be an age thing. But, aren't young folks just the cutest?!",neutral,0,0,0,0,0,0,0.0,0.0,0.0,0.0,0.0,0.0,civil-comments-human-crowd-aggregate
civilcomments-f6edcad5954c29f8718d,"if this terrorist problem isn't solved peacefully now , that is , by muslims, then it will be solved violently by other later",insult,1,0,0,0,0,0,0.5,0.0,0.0,0.3,0.4,0.4,civil-comments-human-crowd-aggregate
civilcomments-bac4538ed4740e131a86,There was a time when political differences came down to government spending policy or whether businesses should get tax breaks.... but now... now I see people advocating murder as a patriotic method of limiting immigration. I used to vote for both major parties depending on which economic approach I agreed with. Now I face the possibility that voting for one of those parties may mean aligning myself with a racist movement that accepts violence as a means to achieve their goals. Voting is no longer about whether I want to fund low-income housing or pay raises for soldiers. Voting is now about whether I'm willing to look my Muslim co-worker in the eyes again.,neutral,0,0,0,0,0,0,0.3,0.0,0.0,0.0,0.1,0.4,civil-comments-human-crowd-aggregate
civilcomments-d8318074cb48fedb93f4,Certain people label comments they disagree with as uncivil in order to stifle opposing views. This new system allows the politically correct to shut down debate.,neutral,0,0,0,0,0,0,0.0,0.0,0.0,0.0,0.0,0.0,civil-comments-human-crowd-aggregate
civilcomments-679f4ce426e536d17b6b,Hopefully Murkowski recognizes that the opposition to DeVos is well-organized--yet there may be more Alaskans who actually favor her nomination! (It's just that there's no special interest organizing those in favor to speak out).,neutral,0,0,0,0,0,0,0.0,0.0,0.0,0.0,0.0,0.0,civil-comments-human-crowd-aggregate
civilcomments-fdc6091403884060d503,"Unlike Canada, Denmark and the rest of the European Union have very strict vehicle third-party safety standards for all road vehicles. Third-party safety standards are designed to mitigate damage to third parties such as cyclists, pedestrians and other vehicles. Canada has none of these requirements, and no national vehicle safety inspection regime to ensure all road vehicles are safe. It is nice to say that we should emulate Denmark, but we have a very, very long way to go, requiring a complete change of mentality regarding transportation. That will never happen here.",neutral,0,0,0,0,0,0,0.0,0.0,0.0,0.0,0.0,0.0,civil-comments-human-crowd-aggregate
civilcomments-fd6879e0894e03b854b0,Habs have no one to blame but themselves. They should have put the Rangers away when they had the chances.,neutral,0,0,0,0,0,0,0.0,0.0,0.0,0.0,0.0,0.0,civil-comments-human-crowd-aggregate
civilcomments-3b8f3332a2c438a49120,"Yes, we do need priests who are in favour of branding and dragging people around naked tied to toilets. Having read this self-styled priest's comments over time I am not convinced that he was joking .",insult,1,0,0,0,0,0,0.5,0.0,0.0,0.1,0.2,0.3,civil-comments-human-crowd-aggregate
civilcomments-f611637f27907556e2ed,"Well, there actually is a fix for ""stupid"". Unfortunately the only fix available for ""stupid"" isn't legal -- yet. :-) But I really need to talk to Darwin about that theory of his, apparently the gene-pool-cleaners have been shirking in their duties in ridding the human-gene-pool of all its disasters. I say we remove all guard-rails and warning-labels from everything for a few generations. That should bring things back in balance somewhat.",insult,1,0,0,0,1,0,0.7,0.1,0.1,0.1,0.6,0.0,civil-comments-human-crowd-aggregate
civilcomments-d668aa1fefe98a197ea0,"My dear David Leavitt, I love your candor and extraordinary accuracy. I never learned so much about Alaska's North Slope Borough. I fact checked your figures regarding NS Borough taxation and payouts for capital budgets and your scary huge NS Perm Fund. Boasting only an Alaskan Public Education, you are dangerous smart with the datum you fetched and assembled. Those are some mind-blowing facts and figures and you tied them up in such a tight bundle (limit on size on ADN comments post). I'm the Journalism and Broadcasting graduate and son of gun! Since brevity is the soul of wit, you're hired. Of course you'll have to move to Washington and be called a moron by your lesser peers amidst this forum. Self-deprecation is a cultural trait amongst the Nordic tribes, but it rubbed of on you my Eskimo brother. You are NO dummy. Darn fine writing and we could learn a lot from you. I am afraid of taxes, but I sure can dig you now.",insult,1,0,0,0,1,0,0.5,0.0,0.3,0.0,0.5,0.0,civil-comments-human-crowd-aggregate
civilcomments-50839f42ce0226cdf116,Deport them back to the lands of Alla,insult,1,0,0,0,0,0,0.7,0.1,0.0,0.3,0.1,0.4,civil-comments-human-crowd-aggregate
civilcomments-0c92f33904bdec85a02f,"How about living in a state with no income tax? (Subject to change) How about those roads you drive on? How about schools for your children? How about hospitals, and cancer treatment facilities? How about income for every entrepreneur and employee in the state? If you don't think oil money has contributed either directly, or through the wages it pays its employees and contractors, you just keep on fishing and chop some extra wood while you're at it. Things are going to get tough real soon without new discoveries.",neutral,0,0,0,0,0,0,0.0,0.0,0.0,0.0,0.0,0.0,civil-comments-human-crowd-aggregate
civilcomments-3cdcd6555620d0ee7405,"Yes... thank you for this. I'm grieving a cousin, who died unexpectedly Friday night. Very hard. This afternoon, my brother and his wife passed through with my nephew, not quite two months old. So beautiful.",neutral,0,0,0,0,0,0,0.0,0.0,0.0,0.0,0.0,0.0,civil-comments-human-crowd-aggregate
civilcomments-09d572f039a87952758a,"Newt Gingrich played the personal-attack card in that interview, directing comments at Megyn Kelly as a person: ""You are fascinated with sex, and you don't care about public policy ... that's what I get out of watching you tonight."" Then, like a bully, Gingrich challenged Kelly to say something that he wanted her to say, ""Say, 'Bill Clinton, sexual predator' ... I dare you <smirk> ... <smirk> Try saying it."" Ad hominem attack? Bullying? Those are classic examples of losing one's temper. Or, as Kelly accurately observed, ""anger issues."" Actually, Gingrich could learn from Kellyanne Conway how to keep one's composure during an interview while at the same time advancing her candidate's campaign. Conway is frustrating as hell to watch because she does not answer the questions posed by the interviewers, but she gets her points across - with a smile -- without attacking anyone personally. These old white guys could learn a lot from women if they'd put their d***s away and shut their mouths.",profanity,1,0,1,0,1,0,0.7,0.2,0.5,0.0,0.6,0.1,civil-comments-human-crowd-aggregate
civilcomments-45e200d7ee59d8cefa09,"""Yes, Democrats should more clearly emphasize economic justice for all, including struggling whites. But I hope that Democrats won’t needlessly squabble over whether to prioritize identity or justice."" Why are these lofty goals of inclusion always touted as things for which Democrats should aspire. Are they not also the very things for which Republicans should strive? It seems there is divisiveness even when calling for inclusion.",neutral,0,0,0,0,0,0,0.0,0.0,0.0,0.0,0.0,0.0,civil-comments-human-crowd-aggregate
civilcomments-272efd7abcd31888205b,"I propose a different title to this article: Wake up, Toronto, to the role of corrupt foreign money in your housing crisis.",neutral,0,0,0,0,0,0,0.0,0.0,0.0,0.0,0.0,0.0,civil-comments-human-crowd-aggregate
civilcomments-b819bb7847a06ead6d74,I have never heard so many stupid comments on an article. You wanted it legal so live with the rules,insult,1,0,0,0,1,0,0.764706,0.0,0.117647,0.0,0.705882,0.0,civil-comments-human-crowd-aggregate
civilcomments-6f37f23a6c5f77b772cd,"""Indivisible Hawaii""...what a marvelous misnomer. In point of fact the state is riven by animosity, discord, jealousy and inequality. The solution? Put on a cute ""Pink Pussy"" hat and parade around offices of the state’s congressional delegation looking for a photo op. . “It’s logistical...we try to do this during people’s lunch hours"" Brilliant! Call on the legislators when they're not in their offices. Logistical? No dear, its ludicrous. . This charade solves nothing but it looks so marvelous on ones Facebook page.",insult,1,0,0,0,1,0,0.5,0.1,0.2,0.0,0.5,0.0,civil-comments-human-crowd-aggregate
civilcomments-bceb3ef5e42457d62673,"Curses, foiled again.",profanity,1,0,1,0,0,0,0.7,0.0,0.7,0.0,0.1,0.0,civil-comments-human-crowd-aggregate
civilcomments-e5e8d77a000b82a8fe7f,"In 1999 Senator Ellis gave me the opportunity to work in the legislature. Over the next decade, I learned the importance of relationships and honesty in getting things accomplished in the legislature through observing him. A true statesman who is smart, caring and sincere, with an incredible knowledge of Alaskan politics. He was always there for those who truly needed an advocate. He always looked out for those of us he brought into politics. (He recommended that Senator Bette Davis hire me. Thank you Johnny!) I am incredibly proud and lucky to be able to say to my grandchildren that I was blessed to have worked for two of the most respected people to ever serve our state. I wish him all the best in the future! I will miss his presence.",neutral,0,0,0,0,0,0,0.0,0.0,0.0,0.0,0.0,0.0,civil-comments-human-crowd-aggregate
civilcomments-20301d55755c51d98efe,"It must be the first time in the history of politics that a 58% vote (BC 2005 for the Single Transferable Vote) is routinely described by the malleable media as a ""defeat."" So much for the guardians of the public interest against conflict of interest, by politicians who are their own referees.",neutral,0,0,0,0,0,0,0.0,0.0,0.0,0.0,0.0,0.0,civil-comments-human-crowd-aggregate
civilcomments-5d16c86c197cc59a5a47,"I agree with you that Harper shamelessly pandered to the immigration shills. It was the one reason I wasn't too troubled by his defeat even though I knew Justin was many orders of magnitude worse. Harper at least kept immigration somewhat in check. Trudeau wants to blow up immigration by 50% within a few years, which will turn Vancouver into a Chinese resort city and Toronto into a massive slum. Canadians are usually reluctant to vote out majority governments after just one term, but for the good of the country I hope people come to their senses in 2019.",neutral,0,0,0,0,0,0,0.2,0.0,0.0,0.0,0.2,0.0,civil-comments-human-crowd-aggregate
civilcomments-7ce92d3049d72ac58513,"""Accounting for other sources of lead exposure (e.g., food, dust), the U.S. EPA set the maximum allowable concentration of lead in public drinking water at 15 μg/L. (Many experts on lead toxicology believe the safe level should be 10 μg/L or less, but for purposes of this discussion we will use the EPA’s level of 15 μg/L.) Since lead serves no beneficial purpose in the human body, it is best if drinking water contains no lead. State drinking water standards must be at least as strict as the EPA drinking water standard of 15 μg/L.""",neutral,0,0,0,0,0,0,0.0,0.0,0.0,0.0,0.0,0.0,civil-comments-human-crowd-aggregate
civilcomments-5801a0870f2e12cca0d5,"Cash flow seems to be your favorite valuation metric. Meanwhile...trying too hard to understand ""Financial Accounting"" (non GAAP) is like trying to play Monopoly with somebody who cheats... I do not spend a ton of time there....more interested in the liability side. You can't fake that.",neutral,0,0,0,0,0,0,0.0,0.0,0.0,0.0,0.0,0.0,civil-comments-human-crowd-aggregate
civilcomments-95dcc85dcc4e0f174fa1,"Give it up. As you well know Israel is here to stay. Palestinian greed to have it all from the River to the Sea is what started this in 1947 when they rejected sharing the land via UN Partition Plan. And since then they have lost every attempt of theirs at tossing the Jews out. The only ones suffering are the Palestinians who you and yours describe as destitute and impoverished. That doesn't sound like a thriving successful cause. Israel losing everything? Now that's laughable. Just check out its thriving development. The economy was just reported as enjoying unprecedented growth. New economic relationships with a variety of international entities, corporations, and countries. A UN that has been put on notice that its discriminatory treatment of Israel is about to come to an end. Two of the most powerful permanent countries on the Security Council, the US and the UK, have served notice. The only ones weeping as we speak are the Palestinians and their toadies aka you and your ilk.",neutral,0,0,0,0,0,0,0.0,0.0,0.0,0.0,0.0,0.0,civil-comments-human-crowd-aggregate
civilcomments-872d1cafd1689f0f3be3,"Slick dodged with an infected penis, so what's the diff? Not sure how the Muslim dodged!",identity,1,0,0,0,0,1,0.857143,0.157143,0.357143,0.0,0.428571,0.657143,civil-comments-human-crowd-aggregate
civilcomments-eb386a0fbc446fab3f46,Since when is killing off the poor and sick by taking away their food and healthcare orthodox?,neutral,0,0,0,0,0,0,0.3,0.0,0.0,0.0,0.2,0.0,civil-comments-human-crowd-aggregate
civilcomments-1acc6438c5aa212f660b,watch out for those walking to church... they may be tempted to go into a pot shop... and then burn in hell for all eternity,insult,1,0,0,0,0,0,0.578947,0.039474,0.105263,0.236842,0.276316,0.236842,civil-comments-human-crowd-aggregate
civilcomments-63c5c46a560e1a63cf86,"spare me JC. the issue is people newly coming to the country that haven't pulled their own weight or contributed much at all, getting housing ahead of those that have been standing in line a longer time. you sound like that sappy 'sun' ad.",profanity,1,0,1,0,0,0,0.5,0.1,0.5,0.0,0.3,0.0,civil-comments-human-crowd-aggregate
civilcomments-3e1dc41d0ba5a5a1e832,"PHILCO3: First of all, there *is* an organized pro-Russia propaganda movement on the internet, using both bots and real people to flood social media and discussion forums. It is well-documented, and there is nothing wrong with calling it out. Secondly, the problem isn't really that Trump wants to improve relations with Russia. The difficulty is that it seems to be happening without any coherent foreign policy goals. There is something deeply concerning about the fact that Trump, from the earliest days of his candidacy, has been eager to damage relationships with US allies and trading partners, while seeking stronger ties to a single unfriendly country -- one that is ruled by a corrupt dictatorship and has repeatedly shown contempt for international norms. Smart people can argue that engaging Russia is a more productive way to do so, but it has to be tied to real objectives, like Russian withdrawal from Crimea and eastern Ukraine. Otherwise it is just caving to a bully.",neutral,0,0,0,0,0,0,0.0,0.0,0.0,0.0,0.0,0.0,civil-comments-human-crowd-aggregate
civilcomments-68478fb4cdf4750de3fd,"The Globe & Mail admired Pinochet too, along with Margaret Thatcher.",neutral,0,0,0,0,0,0,0.0,0.0,0.0,0.0,0.0,0.0,civil-comments-human-crowd-aggregate
civilcomments-0ffd528ca7aa71bf9c3a,Larry Wolf 3 hours ago Conservative Republicans do NOT support open borders and legalization of mind altering substances. States Using the Most Mind-Altering Drugs Eight states with the highest use of mind altering substance use are RED states. You can see the list at the above website.,neutral,0,0,0,0,0,0,0.0,0.0,0.0,0.0,0.0,0.0,civil-comments-human-crowd-aggregate
civilcomments-36051f52fd82ff408202,Not sure why anyone would be interested in their race or others because it make no difference unless you try to project raciest stereotypes to others or yourself.,neutral,0,0,0,0,0,0,0.0,0.0,0.0,0.0,0.0,0.166667,civil-comments-human-crowd-aggregate
civilcomments-d0484630e5db92bca893,"The only selfish ones are the Arabs that have 22 countries and want a 23rd. Lots of other places, and furthermore Arab places, where Palestinians could acquire land and live in peace. They could do it, but so far they are more interested in eliminating the one and only Jewish state.",identity,1,0,0,0,0,1,0.6,0.0,0.0,0.1,0.3,0.6,civil-comments-human-crowd-aggregate
civilcomments-03e6f7844028d6d897a8,"We have long needed an income tax for residents and non-residents alike. How (ir)responsible we've been with government paid for by Big Oil*. Can you remember The Corrupt Bastards Club? Once in the system, it would be fairly easy to keep a line on who is in-state and who is non-resident, and the PFD can be tracked more better. PLUS, it will reduce the number of folks coming here looking for freebies, and maybe discourage some of the wasters already up here to soak up our PFDs hunt cheaply on state licenses, and maybe score a payoff from the Slope. *I am a FAN of Big Oil. They provide jobs, they're good for the overall U.S. energy trade, I've met a lot of good people working for them, and they contribute big taxes. But they have their own interests, and I prefer them out of the State government. Paying your own way (on government, as on other needs) is the highest of good conservative principles. Yes, I know, ""Free Rides Die Hard"" (sigh)",insult,1,0,0,0,0,0,0.5,0.1,0.1,0.1,0.4,0.0,civil-comments-human-crowd-aggregate
civilcomments-a6d1030f23aee3ef81c4,Not sure thinking is kpare's strong suit. The kvetching about the piece for perceived kvetching is wonderful. But I doubt intentional.,neutral,0,0,0,0,0,0,0.0,0.0,0.0,0.0,0.0,0.0,civil-comments-human-crowd-aggregate
civilcomments-345253da57fa202f8542,"Sorry Paul, Trump won with 42% of the vote. Most people don't want the big fat rich p***y-grabbing jerk to be our president.",insult,1,0,0,0,1,0,0.870968,0.048387,0.403226,0.0,0.822581,0.129032,civil-comments-human-crowd-aggregate
civilcomments-9722e43cd42d997b0518,"With the demise of the current pantywaist-in-chief, the Republican control of Congress, and the largest Republican control of the state legislatures ever, you have to kidding. The main reason that Israel has continued in existence is through its exceptional and superior ability, skill, and strength. An unconcerned United States is an oxymoron, now that Jeremiah Wright's protege's days are numbered. The belligerent, aggressive, ungrateful insolence of Israel's sworn detractors is truly breathtaking but not surprising. The Arab ingrates were offered a state in 1947. The Arab response: ""We want it all, from the River to the Sea."" Greedy camel jockeys, and then proceeded to go to war in which they were trounced. So they ended up with nothing which is their well-deserved lot in life to this day. All or nothing was and continues to be their motto. So nothing it is.",neutral,0,0,0,0,0,0,0.4,0.0,0.0,0.0,0.3,0.1,civil-comments-human-crowd-aggregate
civilcomments-e42c787551eb1ce47c36,"I came to Oregon from Northern CA in 1969 and Portland in 1977 and dealt with the ""don't Californicate Oregon"", and Tom McCall's ""Come but Don't Stay"" bullshit. I learned to ignore it. There was such contempt, and it was fueled by the media...such as it was back then. The truth is you couldn't have polluted the Willamette much more than it already was polluted back then, it was essentially a chemical dump. And, Oregonians had done a fantastic job of clear cutting their forests to the nubbins, and doing a lousy job of replanting. Flying over I was shocked at the scarred mountains suffering from erosion. Driving a car on the beach was considered a constitutional right and litter was everywhere.... Californians came up and stayed and are part of the fabric of the state and it was and remains a good thing....",insult,1,0,0,0,0,0,0.5,0.0,0.2,0.0,0.4,0.0,civil-comments-human-crowd-aggregate
civilcomments-4e57776098ddd250edfd,"This is an act of war. The idea that China can't defend this legally is preposterous. There is no legality in China, it's a dictatorship and does whatever it pleases and whatever it can get away with. They will be watching closely at our reaction and it will dictate their future actions. If we do nothing but bluster, as we did when they captured one of our military aircraft, then rubbed our noses in it by requiring that it be dismantled and removed by vessel, it will invite more of the same. Not suggesting we go to war with them, but the free ride that we've given them economically has to end. We can start by revoking their ""Most Favored Nation"" trade status. Will it hurt us, too? Sure, in the short term, but calling them at this point may sober them up as to their responsibility as a world power. Which, to our detriment, we've made them.",neutral,0,0,0,0,0,0,0.2,0.0,0.0,0.0,0.0,0.2,civil-comments-human-crowd-aggregate
civilcomments-1b1c4c71cb9dcf911c47,That you know of.. It's only just been announced. It came out with the last selection group that several of them did indeed have some connections to the LPC.,neutral,0,0,0,0,0,0,0.0,0.0,0.0,0.0,0.0,0.0,civil-comments-human-crowd-aggregate
civilcomments-fac0c773137a5dd6c54d,Bigotry as I don't see you asking similar questions of western cultures or religions.,neutral,0,0,0,0,0,0,0.166667,0.0,0.0,0.0,0.166667,0.0,civil-comments-human-crowd-aggregate
civilcomments-d3bae1b30296cfcee701,Are you on sexual predator list?,insult,1,0,0,0,0,0,0.515625,0.0,0.046875,0.0,0.390625,0.0,civil-comments-human-crowd-aggregate
civilcomments-087b646783e23f1fdc91,"The King and Queen of Coal Mines, a slap in the face to the GEA, Butts, Telford LOL.",profanity,1,0,1,0,1,0,0.8,0.1,0.6,0.2,0.5,0.0,civil-comments-human-crowd-aggregate
civilcomments-6748cb9f46bcef3364b6,One reason might be that there are still places in the world where people get murdered because they are gay. It's actually mentioned in the article.,identity,1,0,0,0,0,1,0.7,0.0,0.0,0.1,0.1,0.6,civil-comments-human-crowd-aggregate
civilcomments-ad155eefa53c56703e15,"Is this a joke? I'm not sure whether to laugh or cry. How about just letting the inevitable happen, and let the market complete its cycle rather than fanning the flames? Nearly interest-free money is how we got into this mess!",neutral,0,0,0,0,0,0,0.0,0.0,0.0,0.0,0.0,0.0,civil-comments-human-crowd-aggregate
civilcomments-3ce4d730b320e0dd9e5a,Give them enough rope and these types always hang themselves.,threat,1,0,0,1,0,0,0.9,0.0,0.0,0.7,0.2,0.0,civil-comments-human-crowd-aggregate
civilcomments-55f41c38115124e1dd9b,"Good, keep brainwashing in churches!",insult,1,0,0,0,0,0,0.575,0.0625,0.0,0.0375,0.325,0.475,civil-comments-human-crowd-aggregate
civilcomments-8b17b37a4d4648b335d5,I view attacking an armed police officer as more serious than the rest of your list. It shows a greater degree of stupidity or lack of judgement or dangerousness than any of your examples.,insult,1,0,0,0,1,0,0.6,0.030769,0.076923,0.061538,0.569231,0.030769,civil-comments-human-crowd-aggregate
civilcomments-7717710a7a16a15adc17,"NP5491 You may be right: The arising Muslim dictator Erdogan of Turkey whose citizens have infiltrated Europe by the millions recently exhorted his ilk to ""have 5 children instead of 3"". In order to crowd Europeans out and establish Islam rule.",insult,1,1,0,0,0,0,0.5,0.3,0.0,0.0,0.4,0.4,civil-comments-human-crowd-aggregate
civilcomments-a5a46889351f9ff60cb6,"Exaaaactly. Darn lieburuls. WHAT IS THIS COUNTRY COMING TO WHEN A GOOD, GOD-FEARIN', REAL 'MURICAN MAN CAN'T WALK DOWN THE STREET AND GROPE SOMEONE WITHOUT IT BEING CALLED SEXUAL HARASSMENT?? I told you the PC progressives would come for your rights.",profanity,1,0,1,0,1,0,0.7,0.1,0.6,0.0,0.5,0.1,civil-comments-human-crowd-aggregate
civilcomments-350863047c5257d60b93,"The FBI checked this out? How did they enter the picture? This sez it was the STATE medicaid program. How did the US Attorney get involved? Surveillance? Something doesn't sound right here. Thousands game the system without this level of scrutiny. That said, gaming the system hurts us all! I HATE that crap!",profanity,1,0,1,0,0,0,0.703704,0.037037,0.567901,0.0,0.45679,0.037037,civil-comments-human-crowd-aggregate
civilcomments-59adbeb511e327266e66,"So you're saying that the new stories this very newspaper has put out over the past few years I've been nothing but wild allegtions? You're either someone who denies truth, ignores truth, or too ignorant to recognize it. Have a nice day!",insult,0,0,0,0,1,0,0.4,0.0,0.0,0.0,0.6,0.0,civil-comments-human-crowd-aggregate
civilcomments-b923cbb70c33777e4bef,"Golden response, Dr.",neutral,0,0,0,0,0,0,0.0,0.0,0.0,0.0,0.0,0.0,civil-comments-human-crowd-aggregate
civilcomments-7033f0599736e73ab049,Flagged for being a liar,insult,1,0,0,0,1,0,0.5,0.0,0.0,0.0,0.5,0.0,civil-comments-human-crowd-aggregate
civilcomments-3e3623a8a197be6b3e28,They are worried about discouraging immigrants from settling in Toronto? Like that clusterpuck needs more people? Schools and hospitals closing down in other parts of Ontario. Beautiful rural homes being demolished to grow a little more corn while farmland is being cleared to grow more subdivisions...,neutral,0,0,0,0,0,0,0.0,0.0,0.0,0.0,0.0,0.0,civil-comments-human-crowd-aggregate
civilcomments-778587fae6307d587096,"Progressivism Under GW Bush, 7000 American soldiers and 120,000 Iraqi civilians died. Under Obama, 1000 American and perhaps about 20,000 Iraqi civiilians have died Obama was one of the only senators to vote against the Iraq war - despite the hyper nationalism of the time. Obama withdrew the American soldiers from Iraq. The one thing the very patriotic Americans never seem to understand is that other countries hate to be occupied, however good the occupier's intentions. Obama understands this simple fact, and that is why he didn't intervene in Libya or Syria. I have lived in 3 Middle Eastern countries, and understand where they come from..",neutral,0,0,0,0,0,0,0.3,0.0,0.0,0.1,0.2,0.3,civil-comments-human-crowd-aggregate
civilcomments-d7139ad17fe5f23ccfcb,How do you know it works? The new tax bracket is a disincentive to business and Canada and it doesn't make up for the revenue lost in the tax cuts in lower tax brackets.,neutral,0,0,0,0,0,0,0.0,0.0,0.0,0.0,0.0,0.0,civil-comments-human-crowd-aggregate
civilcomments-cf94680a7dfe24d6488d,"They don't absorb it, the customer does. They were trying to avoid having to pass the tax onto the consumer...",neutral,0,0,0,0,0,0,0.0,0.0,0.0,0.0,0.0,0.0,civil-comments-human-crowd-aggregate
civilcomments-a4e885e92401a33ad056,That's ridiculous and unwarranted...Silly little mind!,insult,1,0,0,0,1,0,0.840909,0.0,0.113636,0.0,0.818182,0.0,civil-comments-human-crowd-aggregate
civilcomments-c60fa3baedf0423b2614,"Another fine example of public service reporting Mr. Cole. Thank you for having the courage and independence to write what needs to be heard by the Alaska citizenry. I'm curious how many people used the budget calculation computer app that was set up by the Governor. It seems the vast majority who did use it came up with the same conclusions you are drawing in this excellent analyses. A balanced, all parties contribute approach is the only possible short term as well as long term solution to the fiscal problems facing the state. Too bad the vast increase in oil production under SB21 didn't materialize as promised but that's the way ""crap shoots""(as Kevin Meyer infamously declared SB21 to be) work out at least 50% of the time. We need real, courageous decisions but I doubt the make up of the current legislature is up to the challenge.",insult,1,0,0,0,1,0,0.7,0.0,0.1,0.0,0.6,0.0,civil-comments-human-crowd-aggregate
civilcomments-326f3bab2537f6c7a150,"The truth is the truth regardless of its musical accompaniment, the way one feels about it, or the person delivering the message. If a Faith had ""the fullness of truth"" wild horses wouldn't drag me out to another denomination, no matter how sappy the songs. (Incidentally heard and sang great hymns in an Ordinariate parish a few weeks ago.)",neutral,0,0,0,0,0,0,0.0,0.0,0.0,0.0,0.0,0.0,civil-comments-human-crowd-aggregate
civilcomments-2b39da68fd8586aece32,This is a tax grab pure and simple. I allows junior to look good with his friends in the UN. It will do absolutely nothing to lower green house gas emissions either in Canada or anywhere else. How many more stupid things can Gerald Butts dream up?,insult,1,0,0,0,1,0,0.6,0.0,0.1,0.0,0.6,0.0,civil-comments-human-crowd-aggregate
civilcomments-1f0d15000692db425f13,Its important to know the difference between a viable infrastructure project and a boondoggle.,neutral,0,0,0,0,0,0,0.0,0.0,0.0,0.0,0.0,0.0,civil-comments-human-crowd-aggregate
civilcomments-07f7938e21030b910d16,"No, I'm not denying anything blacks have done for this country. What makes you think I am? Your previous comments equated ""white racists"" with Trump, then with his voters, an absurd leap of logic, and a racist statement. I take exception to that, and would be pleased to see you retract it. We don't need racism of any sort in this country, and I hope we can agree on that! Nice to hear about your father's service to this country. I salute him, as I do all who have served.",identity,1,0,0,0,0,1,0.5,0.0,0.0,0.0,0.2,0.7,civil-comments-human-crowd-aggregate
civilcomments-f5dafdfc0573a23004e7,United cheaped out. They should have simply upped the price offered until a volunteer stepped forward. Using security people to beat up someone over a failure to reach a satisfactory price arrangement is barbaric. Check out the Star Alliance Partners who should be dumping United right now if they want to pitch for our business. This includes you Air Canada.,neutral,0,0,0,0,0,0,0.0,0.0,0.0,0.0,0.0,0.0,civil-comments-human-crowd-aggregate
civilcomments-96f5a50241bb6fea92ed,"Trump is the most immature person I have ever seen in public life, much less running for President.",insult,1,0,0,0,1,0,0.5,0.0,0.0,0.0,0.6,0.0,civil-comments-human-crowd-aggregate
civilcomments-d9ee4b7ce065f430fc23,"If true, then they are breaking the law since revenue neutrality was part of the deal. With revenue neutrality, a majority of residents benefit financially from the so called carbon ""tax"".",neutral,0,0,0,0,0,0,0.0,0.0,0.0,0.0,0.0,0.0,civil-comments-human-crowd-aggregate
civilcomments-160fa31127d92caa6eee,"Hillary Clinton was in favor of it until she was against it. Bernie Sanders was always against it. Democrats actually were against it in droves. If it would have come to a vote, Republicans and Democrats and Independent Bernie Sanders all would have joined forces and voted against it.",neutral,0,0,0,0,0,0,0.0,0.0,0.0,0.0,0.0,0.0,civil-comments-human-crowd-aggregate
civilcomments-c79256edc76857270300,compared to you he is a genius troll,neutral,0,0,0,0,0,0,0.166667,0.0,0.0,0.0,0.166667,0.0,civil-comments-human-crowd-aggregate
civilcomments-24a3ec9619cbe8fd9f4f,"""...nurtured by the false notion that democracy means that 'my ignorance is just as good as your knowledge.'.."" One of the great statements ever. Negating the current tenet of the false journalism infecting every issue with the demand that ideological, blatant lies are to be given equal weight and access to truth. The CONservative lies engendered from massively funded ""think tanks"" by the billionaire elite fouling the discourse in every forum. The greatest brainwashing of an entire populace since Stalinist USSR and Mao's China. All orchestrated by the Corporate Citizens certified by Citizens United traitorous edict by the gang of five led by Scalia. The continuation of evil led by Scalia's replacement, Gorsuch, to finish the overthrow of the nation by the Republican Terrorist Traitor Party.",insult,1,0,0,0,1,0,0.6,0.0,0.0,0.0,0.6,0.1,civil-comments-human-crowd-aggregate
civilcomments-8ee02675f29cf7014081,"Glenn: To end this circular discussion, let me ask you why are you concerned with what I write about the Party? You are not a member, you say are not an ""invitee to the party"" -- you don't ""share my laundry"" and yet you say you are obligated as a citizen to be ""interested."" I appreciate the support you gave me in the past -- as for my being a ""cast off"", it that's the price of doing what I think is best for the public, so be it. And frankly, I really don't give a damn ....",insult,1,0,0,0,0,0,0.6,0.0,0.4,0.0,0.4,0.0,civil-comments-human-crowd-aggregate
civilcomments-c7660241fa07743bfec0,"There were 372 mass shootings in the US in 2015, killing 475 people and wounding 1,870. But yes, Muslims are the problem not the fact that you can buy assault weapons anywhere",identity,1,0,0,0,0,1,1.0,0.0,0.0,0.0,0.0,1.0,civil-comments-human-crowd-aggregate
civilcomments-934ad9e516876e3cbebc,"It was a murder-suicide, the husband murdered his wife and killed himself. The kids weren't targeted but one got killed for standing too close to the teacher. Both adults were black by the way and I doubt if NRA had anything to do with this. Clearly a mental health case all the way.",identity,1,0,0,0,0,1,0.5,0.0,0.0,0.4,0.3,0.5,civil-comments-human-crowd-aggregate
civilcomments-176b21b294fb24505e08,"And did you believe that Trump would be the Republican nominee? What leads you to believe that 'rational thinking' and US political elections should be contained in the same sentence? The appeal of the Kardashians, Johnny Depp, Trump's WWF shows, his beauty pageants, ""The Apprentice"" and all the reality shows and other 'entertainment' I see on television raises serious questions about that concept. When you throw in the absolute ignorance by those who actually register and vote about even basic civics matters (like who even one of their US Senators might be) such a hope (I can't call it a belief) for 'rational thinking' is truly astounding.",neutral,0,0,0,0,0,0,0.2,0.0,0.0,0.0,0.2,0.0,civil-comments-human-crowd-aggregate
civilcomments-8aa27aa4f6af715bc59e,Decriminalization on the Federal level will solve more problems than it will create.,neutral,0,0,0,0,0,0,0.0,0.0,0.0,0.0,0.0,0.0,civil-comments-human-crowd-aggregate
civilcomments-ae623861197c58da883c,Funny you mentoned that as the same thought went through my mind a few years ago when things were worse than now.....the 410 401 was at a complete standstall and I was listening on the radio on how poor job hiring was and that it was not going to improve in the near future.....I looked around in amazement just shaking my head.,neutral,0,0,0,0,0,0,0.0,0.0,0.0,0.0,0.0,0.0,civil-comments-human-crowd-aggregate
civilcomments-f86f77823cec595b9147,Thanks for posting that Mr Plant. Didn't see it before posting just now. Can't be repeated often enough though. Since the GOPers obstructed any meetings let alone hearings for the SCOTUS pick of POTUS Obama because it was early in the last year of his presidency do you think the Dems should obstruct based on the fact that President Bannon didn't even run and trump got 2% fewer votes than his opponent. Since we're just making shit up as we go now anyway why not create more unprecedented precedents?,profanity,1,0,1,0,0,0,0.5,0.0,0.5,0.0,0.2,0.1,civil-comments-human-crowd-aggregate
civilcomments-a6d3323776c3a208be01,we can only hope he gets shanked to death. or shot in a transfer.,threat,1,1,0,1,0,0,0.9,0.4,0.0,0.8,0.1,0.1,civil-comments-human-crowd-aggregate
civilcomments-886c869b23f49fad2818,"Why don't you advocate for drug treatment, rehabilitation of addicts, something that will actually address the problems Alaska has and has had for decades? I'm so sick of the crap people like you spead around instead of directly addressing the real, underlying issues.",profanity,1,0,1,0,1,0,0.636364,0.015152,0.560606,0.0,0.575758,0.030303,civil-comments-human-crowd-aggregate
civilcomments-76080f03873709642eca,"When you are flogging a dead horse, dismount",neutral,0,0,0,0,0,0,0.166667,0.0,0.0,0.0,0.166667,0.0,civil-comments-human-crowd-aggregate
civilcomments-2849064ca08d527774d9,Actually it fell off with OBAMA and landed on his head.,neutral,0,0,0,0,0,0,0.2,0.0,0.0,0.0,0.0,0.0,civil-comments-human-crowd-aggregate
civilcomments-ecdafb4e728a016fed3b,And let's not Bill Sheffield off the hook!,neutral,0,0,0,0,0,0,0.0,0.0,0.0,0.0,0.0,0.0,civil-comments-human-crowd-aggregate
civilcomments-3f29b3a5a0b39d1b5f0e,2019 can't come fast enough.,neutral,0,0,0,0,0,0,0.0,0.0,0.0,0.0,0.0,0.0,civil-comments-human-crowd-aggregate
civilcomments-03ea531a6f4a70b859e0,"I've read through the bible more than once and spent hundreds of hours in meetings with others who also read the bible. It is not a simple answer unless you take every word at face value. Jesus himself seldom lectured but often posed parables and conundrums to both the unchurched and the scriptural experts. He taught that we all had access to agape' love, not just the few who could recite the rules. Faith is not passive, it's an active search by each of us. Jesus turned the hierarchy and expectation of the Jewish faith upside down. You might find it fun to take your faith with serious intention and share with others who believe in the guidance of the Spirit and living revelation. The God of Jesus teaching was not found in the walls of a church with a preacher teaching 'the law'. Jesus taught an inclusive faith driven by love, not an exclusionary faith driven by judgement. You're welcome to choose your own course to happiness, We are each uniquely made.",neutral,0,0,0,0,0,0,0.0,0.0,0.0,0.0,0.0,0.0,civil-comments-human-crowd-aggregate
civilcomments-fa0393f44ac0dc5865b7,"Oh man. If I were one of the parents and that smug little s**t asked ""what are you going to do,"" I'd be going to jail that day. Amazing restraint to not go for him. Enjoy the rest of your useless young lives in prison, where reality will surely set in. And your tough guy facade will melt away and you'll spend countless nights crying in your cell. Alone. May their days be long and miserable.",insult,1,0,0,0,0,0,0.5,0.055556,0.180556,0.069444,0.472222,0.0,civil-comments-human-crowd-aggregate
civilcomments-b0d3b3f9171e608ad6d5,Or bomb it...,threat,1,0,0,1,0,0,0.5,0.1,0.0,0.5,0.0,0.0,civil-comments-human-crowd-aggregate
civilcomments-82d99402087d32d7a301,More likely Senator Obama. lol,neutral,0,0,0,0,0,0,0.0,0.0,0.0,0.0,0.0,0.0,civil-comments-human-crowd-aggregate
civilcomments-65c2b7a4b946874b2a49,"I am so sick of this the corrupt WA legislature NEEDS TO CUT spending and the size of of the VERY CORRUPT WA state govt! NO schools need to be closed but the spending needs to be CUT along with the size of govt in WA, this will allow for more funds to go to education and its time to get the damn US corrupt govt OUT OF EDUCATION AND TO ABOLISH THE TRYANNICAL US DEPT OF EDUCATION!!!!!!!!!!!!!!!!!!!!!!!!!!!!!!!",profanity,1,0,1,0,1,0,1.0,0.1,0.6,0.0,1.0,0.1,civil-comments-human-crowd-aggregate
civilcomments-c6cc17d85deabbc3465b,"""Get educated"" Indeed you just demonstrated the need.",neutral,0,0,0,0,0,0,0.2,0.0,0.0,0.0,0.2,0.0,civil-comments-human-crowd-aggregate
civilcomments-9a0714d2d9502ba3320c,"You mean your wonderful ""Religion of Peace"" What a load of crap!",profanity,1,0,1,0,1,0,0.8875,0.0875,0.8,0.0125,0.6375,0.325,civil-comments-human-crowd-aggregate
civilcomments-b89bb522873feb5ffa67,"Help me draw that link between a bigot and sociopath, please.",neutral,0,0,0,0,0,0,0.0,0.0,0.0,0.0,0.0,0.0,civil-comments-human-crowd-aggregate
civilcomments-2b7918fdb8cfcc43c105,Charles is correct except he didn't connect with the rust belt folks - Trump did. Charles should go to the end of the line.,neutral,0,0,0,0,0,0,0.0,0.0,0.0,0.0,0.0,0.0,civil-comments-human-crowd-aggregate
civilcomments-b8ab3742e1f292297934,"Jerry Palm (CBS) now has Oregon as a #1 seed in the West. Joe Lunardi hasn't made any comments since the Pac 12 final, at least that I can see, so it's possible Lunardi changes his prediction too.",neutral,0,0,0,0,0,0,0.0,0.0,0.0,0.0,0.0,0.0,civil-comments-human-crowd-aggregate
civilcomments-dc4751c0982707ba9b07,You missed the point. I'm guessing I'll be seeing that problem again.,neutral,0,0,0,0,0,0,0.0,0.0,0.0,0.0,0.0,0.0,civil-comments-human-crowd-aggregate
civilcomments-69992cdc265ef7fdc5cf,"Nope. That entire line (always available when I shop) of 100g dark chocolate bars is priced the same; 70-85-99%, plus the ""flavoured"" varieties. I never pay more than $3-$3.49 depending on the ""2 for"" sale price.",neutral,0,0,0,0,0,0,0.0,0.0,0.0,0.0,0.0,0.0,civil-comments-human-crowd-aggregate
civilcomments-a908f17304f0544d3f63,China could quietly appear to do nothing and behind the scenes squeeze Trumps nuts until they crack....,insult,1,0,0,0,0,0,0.5,0.1,0.0,0.2,0.3,0.1,civil-comments-human-crowd-aggregate
civilcomments-70d62f0a53ff8a51c548,"Welcome to sharia law folks. Now you get to watch your children beheaded, all so jnr. can eliminate those who won't vote for him. Read this quick, as I'm sure it will be removed for telling you the truth.",insult,1,0,0,0,0,0,0.6,0.1,0.1,0.4,0.1,0.3,civil-comments-human-crowd-aggregate
civilcomments-43f4a9ee541a95188886,"If legislators can levy a wide range of tax proposals on Alaskans and hold themselves harmless by not taxing oil and gas, mining, tourism, and fisheries to the maximum, then the state is better off kicking every last one of these legislators out of the capital and start from scratch. Damn it all on these mindless legislators, especially the Republican majority that put the state in this fiscal crisis in the first place. Take the $10 million back that they're trying to spend by keeping their butts comfortable in their new LIO building and reinvest the money back into paying for much more needed services. They can sit on the corners of Anchorage streets and hold out a cup to pay for their next LIO boondoggle.",insult,1,1,1,0,0,0,0.7,0.3,0.6,0.0,0.4,0.1,civil-comments-human-crowd-aggregate
civilcomments-f89f0e3174a420f52ebc,"What is an ""automatic pistol""? he said with a sly smile...wink wink...",neutral,0,0,0,0,0,0,0.0,0.0,0.0,0.0,0.0,0.0,civil-comments-human-crowd-aggregate
civilcomments-d55a98a4aa3ee3070a53,"Very sad. Was he set up by those who are pushing white monopoly capital, foreign forces, coup plots, radical economic idiocy etc.?",insult,1,0,0,0,0,0,0.513514,0.027027,0.135135,0.0,0.486486,0.216216,civil-comments-human-crowd-aggregate
civilcomments-898028b1e63fbedb0464,Sorry Hallie; It is time to accept that your horse lost and sore loser does not look good on you.,neutral,0,0,0,0,0,0,0.3,0.0,0.0,0.0,0.3,0.0,civil-comments-human-crowd-aggregate
civilcomments-08a67e6fba3660c93ad3,She hates white people so much. I feel sorry for her.,identity,1,0,0,0,0,1,0.545455,0.015152,0.0,0.015152,0.181818,0.575758,civil-comments-human-crowd-aggregate
civilcomments-4027b48f3d19e81fef41,"A glaring example of the insanity of the religious fanatics driving the nation into destruction of all human morality contained within the secular U.S. Constituion. Idolatorous believers in a false, invisible entity claimed to be controlling everything, but denying the inhuman effects of it all. Religious terrorists responsible for worldwide plagues of violence and destruction all in the name of the same ""god"". Unbelievable in this time in the history of human knowledge.",neutral,0,0,0,0,0,0,0.166667,0.0,0.0,0.0,0.166667,0.166667,civil-comments-human-crowd-aggregate
civilcomments-f63580cc59ba5b7e86f7,Just execute this junkie POS...if he will do that for drugs he has no use in society...,threat,1,0,0,1,0,0,0.558824,0.044118,0.014706,0.5,0.382353,0.073529,civil-comments-human-crowd-aggregate
civilcomments-ea6b53b993db55b7bcff,The Time magazine nomination is not an award for accomplishment. It is given to the person who has most affected the news. It is neither positive nor negative.,neutral,0,0,0,0,0,0,0.166667,0.0,0.0,0.166667,0.0,0.0,civil-comments-human-crowd-aggregate
civilcomments-fdbc6af4a00dcb14dc37,of course law enforcement and other Government departments will use them and they wont have to pay the tax!,neutral,0,0,0,0,0,0,0.0,0.0,0.0,0.0,0.0,0.0,civil-comments-human-crowd-aggregate
civilcomments-905570f3052eb263aa88,"The obsessive grovelling of the Western countries to ""Saudi"" Arabia and Qatar - allowing them to spread their worthless takfiri drivel around the world and fighting their jihads for them - is a pact with the devil.",insult,1,0,0,0,0,0,0.575,0.025,0.1,0.0125,0.425,0.3,civil-comments-human-crowd-aggregate
civilcomments-f2cdb0732e7b94387590,Women in Toronto are Anti American by default.,identity,1,0,0,0,0,1,0.6,0.0,0.0,0.0,0.1,0.6,civil-comments-human-crowd-aggregate
civilcomments-1eb596609f344ad5b2a0,"all cats running lose need to be exterminated. what a puke like you fails to grasp is if the owner of that cat wasn't so grossly irresponsible letting the cat run lose to destroy other peoples yards and kill our song birds, it wouldn't have been killed by the neighbor fed up with this gross irresponsible jerk of a neighbor. But I will never expect a POS like you to understand that.",insult,1,0,0,0,0,0,0.5,0.028571,0.114286,0.171429,0.428571,0.0,civil-comments-human-crowd-aggregate
civilcomments-8e276027222c727716e4,"I like the idea of vertical farming and it even looks good besides but is this the best use of Senate time and energy? They really had to hear testimony, discuss, and vote on a resolution that has no force of law or funding but instead serves the purpose of the member saying ""I support agriculture, I voted for the resolution."" As I said, I like the idea but perhaps there are some more pressing measures that actually require the attention of the State Senate.",neutral,0,0,0,0,0,0,0.0,0.0,0.0,0.0,0.0,0.0,civil-comments-human-crowd-aggregate
civilcomments-fd6d5bb11a5bfa26e4ba,I think we had some of the same entrees in the dormitory cafeterias when I was an undergraduate at OSU ... :-/,neutral,0,0,0,0,0,0,0.0,0.0,0.0,0.0,0.0,0.0,civil-comments-human-crowd-aggregate
civilcomments-7e8734aaee61937de2c9,"8,000% cost increase in rentals when the oil Industry is in a Crisis makes no sense! No one can make a profit in Alaska with rules and unstable laws! HB 247 has run most everyone away! World renowned researcher group Fraser Institute says Alaska among the worst place to explore and produce because of bad laws and poor oil and gas agency treatment toward investors! See Fraser Institute ranking of oil and gas!",neutral,0,0,0,0,0,0,0.0,0.0,0.0,0.0,0.0,0.0,civil-comments-human-crowd-aggregate
civilcomments-a6bef6e4ddd61d3e393e,My goodness.....who woulda thunk it!!!!,neutral,0,0,0,0,0,0,0.0,0.0,0.0,0.0,0.0,0.0,civil-comments-human-crowd-aggregate
civilcomments-5b3c721b30bc084d4467,"In 2018 we will shuffle Wynne, I'm counting the minutes.",neutral,0,0,0,0,0,0,0.0,0.0,0.0,0.0,0.0,0.0,civil-comments-human-crowd-aggregate
civilcomments-a50dfaee34390c7242ba,Trump's sleazy family is the worst ever. It is just stunning that anyone would put these gang of thieves and incompetents in the White House.,insult,1,0,0,0,1,0,0.565789,0.052632,0.013158,0.0,0.565789,0.0,civil-comments-human-crowd-aggregate
civilcomments-993ffe4fe1d76c5f6257,The wretched PR firms they hired to attack and stalk people online is atrocious too.,insult,1,0,0,0,0,0,0.5,0.0,0.0,0.0,0.3,0.0,civil-comments-human-crowd-aggregate
civilcomments-7fb9c2a67930291e730e,2/3 of canadians are idiots then since with NONE of our largest competitors doing any of this we are making us less competitive which means less of an economy by selling less to other countries as well as hurting every consumer in canada who also has less to spend with higher prices and for what? the made up fantasy of mans carbon which has never been proven to be increasing temps. Canadians have in deed become sheep,identity,1,0,0,0,1,1,0.671875,0.03125,0.140625,0.015625,0.6875,0.5,civil-comments-human-crowd-aggregate
civilcomments-9d91729ef6c692d344e5,no that it shouldn't be subject to rules on Canadian content,neutral,0,0,0,0,0,0,0.0,0.0,0.0,0.0,0.0,0.0,civil-comments-human-crowd-aggregate
civilcomments-760870610b5343a0494a,"Right. One should never forget the marginal importance of small scale individualized job creation--clearly the backbone of our overall economic prosperity and the basis of the standard of living we have achieved since everything that makes this economy run was either made by an individual artisan creating a job for himself, or someone reselling a financial product, presumably because he started his own banking insitution. No scale needed here, individual entrepeneurs--Yes please! Quick, somebody said the key to proseperity is low interest rates, borrowing, and hard work--I hear Fort Mac is getting back on its feet let's go create some jobs!",neutral,0,0,0,0,0,0,0.0,0.0,0.0,0.0,0.0,0.0,civil-comments-human-crowd-aggregate
civilcomments-8c9b168a6936dd1352aa,No its a laboratory for how much foreign money can be laundered and how stupid Canada is for allowing it to happen.,insult,1,0,0,0,1,0,0.775,0.0125,0.1375,0.0,0.7625,0.2875,civil-comments-human-crowd-aggregate
civilcomments-ecdb8e5671c2f0d7cf2b,"The opinions of your peers make or break your career. Jeff Sessions represents the worst of Southern bigotry. He has no business running the Justice Dept., which must investigate and prosecute hate crimes, voter disenfranchisement, and corruption.",neutral,0,0,0,0,0,0,0.2,0.0,0.0,0.0,0.2,0.1,civil-comments-human-crowd-aggregate
civilcomments-75571c2e097e26082004,You're extremely ignorant. If you knew anything about addiction you would watch your tongue. Maybe we just throw all the idiots in jail that have no idea what they are talking about therefore encouraging rules and laws that have no place in 2016.,insult,1,0,0,0,1,0,0.848485,0.060606,0.136364,0.075758,0.833333,0.015152,civil-comments-human-crowd-aggregate
civilcomments-8c550bcf1e3f55062c3d,"With a name that starts out with WTF your showing you level of civility. How is it that human tragedy devolves in your mind into a issue of social class? There is no mention anywhere in the article that its a luxury hotel. If it was hiker's refuge would you have weighed in with your anarchic and purposeless thoughts. Sometimes its better remain silent and not express to the world one's level of intellectual capacity. Grow up, or go back to reading comic books. There are people and families suffering here.",profanity,0,0,1,0,0,0,0.4,0.1,0.5,0.1,0.2,0.1,civil-comments-human-crowd-aggregate
civilcomments-0d04b1fbd49d36a4bb8a,"Congratulations, pro-lifers. You won. And now we have four years of President ""Grab 'em by the pussy,"" that is if our once-great republic survives four years of him, and I have my doubts about that. Now watch the stock markets tank all over the world. Heck of a job.",profanity,1,0,1,0,0,0,0.7375,0.1,0.6875,0.025,0.35,0.025,civil-comments-human-crowd-aggregate
civilcomments-201ce390d910806820bf,Always: You are correct. Christ is not God. I believe Jehovah God is our creator and that Jesus Christ is his son. Jesus died for sinners like me and the rest of the world so that we may have a chance at everlasting life.,neutral,0,0,0,0,0,0,0.0,0.0,0.0,0.0,0.0,0.0,civil-comments-human-crowd-aggregate
civilcomments-9d94370e32a68a792035,"We need all the help we can get to defeat islamofascism. If Putin and Trump can actually cooperate in the face of a common, insidious problem, then good!",neutral,0,0,0,0,0,0,0.0,0.0,0.0,0.0,0.0,0.0,civil-comments-human-crowd-aggregate
civilcomments-05606726f2687cf4f7d3,"Reading all these comments makes me realize something truly profound. You like being ruled over by Oligarchs, dictators, and demagogues. WOW",neutral,0,0,0,0,0,0,0.2,0.0,0.0,0.0,0.2,0.0,civil-comments-human-crowd-aggregate
civilcomments-148dc6548d1fdebbcd22,It's the serial killer!,neutral,0,0,0,0,0,0,0.4,0.0,0.1,0.1,0.3,0.1,civil-comments-human-crowd-aggregate
civilcomments-afaab06ffa3feebd32ea,"My daughter took a class from her last term. It was obvious from sitting in on her class at open house as well as discussing things with my daughter that she is just not a good teacher. I was really sad to see that because, as a female scientist myself, I really encourage other women and minorities to succeed in science careers.",neutral,0,0,0,0,0,0,0.0,0.0,0.0,0.0,0.0,0.0,civil-comments-human-crowd-aggregate
civilcomments-25b57fc83a1a0378dfdb,"[I don't answer to you, Foster.] Nor was it ever inferred that you do. [This forum is based on opinions and I gave you mine. ] I rejected it, and provided sound reasoning to reject it. Whether or not you want to rehabilitate your opinion with support is entirely up to you. Instead you try to shift any burden of proof on others after resorted to ad hominems to attack my reasoning as ""biased,"" ""liberal,"" etc. Not only have you completely abandoned any attempt to validate your opinion, you also demonstrated that you become a bit of an ass when disagreed with. [You won't get anywhere by attacking me or challenging my notion] Hypocrisy aside what makes you think I care to get anywhere? Are you that emotionally wed to your sense of righteousness that you believe these discussion are an attempt to ""get somewhere"" rather than an interest in reliable and truthful information being shared between interested parties? [show me what you got.] Is that a ""prove me wrong otherwise I'm right"" concept?",neutral,0,0,0,0,0,0,0.3,0.0,0.1,0.0,0.3,0.0,civil-comments-human-crowd-aggregate
civilcomments-8961b63e5d40c0f48939,You and Big Sally would be well-served to read the comments of retired UO professor Edwin Coleman published in today's opinion section.,neutral,0,0,0,0,0,0,0.0,0.0,0.0,0.0,0.0,0.0,civil-comments-human-crowd-aggregate
civilcomments-ed66d609f615f6842c30,"You do realize that the overwhelming majority of anal sex that takes place in America is heterosexual anal intercourse, don't you?",insult,1,0,0,0,0,0,0.746644,0.052852,0.361577,0.001678,0.08557,0.152685,civil-comments-human-crowd-aggregate
civilcomments-1baeb93c43c40292702d,"bwahahahahahahaha. The mentally ill cannot change their way of thinking, and above all else, liberalism is a mental illness.",insult,1,0,0,0,1,0,0.609375,0.015625,0.03125,0.0,0.5625,0.21875,civil-comments-human-crowd-aggregate
civilcomments-de28391db732448775c3,No problem...landlords will only rent to young military families or singles with COLA adjusted comfy stipends to live off base. Borderline locals trying to make it and seniors can go to ...yeah...Hell.,insult,1,0,0,0,0,0,0.6,0.0,0.3,0.0,0.4,0.0,civil-comments-human-crowd-aggregate
civilcomments-cfdf017b0ff966af512c,"""No student receiving a grant for education is claiming they are against receiving a grant for education."" Haven't met many college objectivists, have you? :-)",neutral,0,0,0,0,0,0,0.0,0.0,0.0,0.0,0.0,0.0,civil-comments-human-crowd-aggregate
civilcomments-a133f5e174156bf0aab1,Here's the UCLA data:,neutral,0,0,0,0,0,0,0.0,0.0,0.0,0.0,0.0,0.0,civil-comments-human-crowd-aggregate
civilcomments-af41fa8a52ad32a070f4,It's easy vote him out! Additionally he can't even get it right. It was the National Anthem not the Pledge of Allegiance. Oh by the way I was also the only white guy on the basketball team get a clue and find out who really is behind BLM before you make a political statement. I can't believe how incredibly ignorant you are.,insult,1,0,0,0,1,0,0.635135,0.0,0.027027,0.0,0.635135,0.094595,civil-comments-human-crowd-aggregate
civilcomments-9051f2ce22e300828635,"It's a road extension that would improve traffic flow across Minnesota Dr. There is also a planned neighborhood on the north side of that road extension. It's a ""build it and they will come"" project. Once JL starts generating traffic that exceeds the capacity, it would be in there interest to pay for the upgrades.",neutral,0,0,0,0,0,0,0.0,0.0,0.0,0.0,0.0,0.0,civil-comments-human-crowd-aggregate
civilcomments-0beea7b3857fe938bdf4,"Oh please. He called the state police what, a week after the fact, to save his own ass. And the Register Guard prints what is not really a story so that what...just to make sure his ass really is saved? PUH LEEZE. The only reason this is news is because of the last name.",profanity,1,0,1,0,0,0,0.7125,0.05,0.6375,0.0,0.35,0.0125,civil-comments-human-crowd-aggregate
civilcomments-a7a3fd3dad4382319dbc,"So honestly, just as one American to another, it doesn't bother you *at all* that close associates of the POTUS were subject to warrants issued by the freaking Foreign Intelligence Surveillance Court, just because he's on your team? True patriots put country above party. The FISA court consists of independent federal judges who are not beholden to Obama in any way. They don't take orders from him and cannot be fired or coerced by him. But Trump was somehow ""targeted"" by a liberal conspiracy? Your President is a liar and probably a traitor as well. Are you ok with that as long as he enacts his racist agenda?",insult,1,0,0,0,0,0,0.506667,0.066667,0.226667,0.0,0.48,0.12,civil-comments-human-crowd-aggregate
civilcomments-9fcc7ddfa12f96fb2c4b,"I had the new gen Rondo as a rental and I agree, it's crap. I hated it and it felt nothing like other KIA vehicles of which I've extensively driven the Optima, Soul, Sportage and Rio. The Rio is bottom end and has shouldn't even be compared but it's still better than the Rondo.",profanity,1,0,1,0,1,0,0.8,0.0,0.7,0.0,0.5,0.0,civil-comments-human-crowd-aggregate
civilcomments-ac1f6a9a14f531832e51,Another wasibilly rookie trying to make waves in the bathtub of thieves and liars.,insult,1,0,0,0,1,0,0.648649,0.0,0.013514,0.0,0.621622,0.013514,civil-comments-human-crowd-aggregate
civilcomments-983cc5c2602f1dd3181d,"See where Canada's National Newspaper (sic) continue to favour the NHL team that just co-incidently happens to be based in the same community that the newspaper is located. Funny, that. Not saying they never post articles on any of the other Canadian-based NHL team, they do, for sure. Just not with the same frequency. This newspaper is partly owned by Bell Media, not much, but partly, the same conglomerate that just happens to own--purely co-incidently, for sure--a very good chunk of NLSE. Not saying 1 has anything to do with the other, just laying it out, giving it the light of day. There's also a column on McDavid today in the hockey section, to point that out. Anyway, the old chestnut 'bout Your Leafs doing much better than last season, enough with that already, Leafs Nation. For a season and a half, Your Leafs were trying to lose, you cannot fairly compare their record this season to that of the previous year and a half. Different objectives. Apples and Oranges.",neutral,0,0,0,0,0,0,0.0,0.0,0.0,0.0,0.0,0.0,civil-comments-human-crowd-aggregate
civilcomments-96d7adab540121896c2c,"There will be no challenge from this Congress, which cares nothing for the expressed public will. Now we see that the last two Republican non-incumbent presidents lost the popular vote but won the electoral college. Republicans control Congress, even though they have a minority of votes in those elections, through extreme gerrymandering, an issue separate from the electoral college but similarly anti-democratic (with a small d). District drawing should be non-partisan, done with computers to generate the shortest possible boundaries. The electoral college is an ancient anti-democratic legacy of slavery days. We no longer have slaves, we should similarly ban the electoral college, or at least, make it vote as one for the winner of the popular vote. These two corrections would force politicians to heed the popular will, rather than scoff at it.",neutral,0,0,0,0,0,0,0.0,0.0,0.0,0.0,0.0,0.0,civil-comments-human-crowd-aggregate
civilcomments-dd94d4e815868a7e74c0,"both you losers are stupid, hudak was 100% right on the money about our financial issues and what was needed to be done",insult,1,0,0,0,1,0,0.808824,0.073529,0.147059,0.0,0.779412,0.029412,civil-comments-human-crowd-aggregate
civilcomments-734f0ea4fad0ca910a37,"""I’m not worried about Trump. He’s a megalomaniac, and his kind of narcissism will help him blend in quite nicely in Washington if he’s elected president. And I’m not worried about Clinton either. She’s a pathological liar and well-suited to the Washington way, where liars are praised."" You aren't worried about that? Then you've just destroyed whatever credibility you claim to have. (Hint: Being from Chicago isn't something to brag about.) Trump is every bit as corrupt as Clinton. Probably more. If he ever gets into political office then you'll be able to call it 'political corruption'. For now it's plain vanilla corruption.",insult,1,0,0,0,1,0,0.833333,0.0,0.0,0.0,0.833333,0.0,civil-comments-human-crowd-aggregate
civilcomments-05471bef87134dac2b23,"But for now, until the RR gets another several hundred million appropriation from the lege, the gas will be trucked to the Port of Anchorage, reloaded onto rail cars and then on to Fairbanks to be reloaded onto trucks and this is still cheaper than just trucking it all the way? What am I missing from this article? Could the containers not be reloaded at a siding in Houston or Wasilla? And why did the Parnell administration push through this extension of the RR without acquiring the Right of Way permits let alone adequate funding to finish the $630 Million project to the really nonexistent port at Pt. McKenzie?",neutral,0,0,0,0,0,0,0.0,0.0,0.0,0.0,0.0,0.0,civil-comments-human-crowd-aggregate
civilcomments-bceaaa62535b22ee3ddc,"Hawaii should follow Guam's lead. Better yet, the federal government should step up and handle such deportations. Hawaii taxpayers should not be supporting deadbeat felons who exploit a treaty relationship and contribute nothing to the community.",neutral,0,0,0,0,0,0,0.0,0.0,0.0,0.0,0.0,0.0,civil-comments-human-crowd-aggregate
civilcomments-d0340fbd6190dd97b6ae,Nope. A Republican-led America isn't my idea of freedom and equality for all. There's way too much of the have and have-more mentality. Now Trump's going to allow the Republicans in Congress dismantle the Affordable Care Act and replace it with nothing. That's the Republican way: DEREGULATION and let someone else clean up their fricking messes. Just like when Dubya left office. Wiped out the Bill Clinton $286 billion surplus and replaced it with $7 trillion spent on two bogus wars; Iraq and Afghanistan. The wars only entrenched the Bush dynasty oil investments. That's all it did and most voters don't even know that or don't care.,neutral,0,0,0,0,0,0,0.2,0.0,0.2,0.0,0.2,0.1,civil-comments-human-crowd-aggregate
civilcomments-ca86a8ff914923bf4d8e,"If you can't see the difference between basic biological research and a university which does all sorts of research, trains physicians, dentists and nurses and also is a fully-functioning hospital, it is your education which should be suspect. And I fully agree that Portland 'stole' the U of O Medical and Dental Schools a few decades ago to create OHSU as a semi-independent entity and that Portland is the elephant in the room which controls the vast majority of Legislative funding to its own benefit.",neutral,0,0,0,0,0,0,0.0,0.0,0.0,0.0,0.0,0.0,civil-comments-human-crowd-aggregate
civilcomments-08da83318d9f03530943,What a disaster for Alaska. How in the world did Alaskans vote this idiot in again? Do these people actually believe his campaign commercials? A solid look at the reality of Donny would have opened a lot of eyes. This guy has a few interest and Alaska is NOT one of them. This idiot is going to have to pass away before we get him out of office. What a disaster!,insult,1,0,0,0,1,0,0.857143,0.071429,0.160714,0.035714,0.839286,0.053571,civil-comments-human-crowd-aggregate
civilcomments-390b921fc2e0c49e044d,"Roads aren't paid for by abutting property owners, the money will come out of the general fund.",neutral,0,0,0,0,0,0,0.0,0.0,0.0,0.0,0.0,0.0,civil-comments-human-crowd-aggregate
civilcomments-d55d38a47889d4553805,"To attribute these changes to the liberals, is utter nonsense. The globe continues to think that its readers are idiots.",insult,1,0,0,0,1,0,0.8,0.030769,0.169231,0.0,0.830769,0.076923,civil-comments-human-crowd-aggregate
civilcomments-69673c3d1cc408be358c,"Ummm- I think it is safe to say that the biggest bully on the planet is still the US. It was a relief to have the leadership of Obama these last 8 years, but since I've been around it has been the US pushing its weight around more than anyone else. Start with Vietnam and carry on through Iraq- all other countries pale in comparison except perhaps the USSR. For the most part, I feel it has been a good thing it was them, but their conduct still depends on the leadership. Now we have what we have- Trump- and we have no choice but to wait and see- and then judge.",neutral,0,0,0,0,0,0,0.0,0.0,0.0,0.0,0.0,0.0,civil-comments-human-crowd-aggregate
civilcomments-c99e9f4f22f5b95c945f,Too stupid to vote! Let's kill a Moose today instead.,threat,1,0,0,1,1,0,0.921053,0.105263,0.157895,0.657895,0.842105,0.026316,civil-comments-human-crowd-aggregate
civilcomments-b2a6c34aba2e8abcd270,"The officer was identifies only as a supervisor. Why am I not surprised? I've had many positive and honest interactions with officers at EPD, but the supervisory staff is the most dishonest corrupt group of people I have ever encountered. Worse yet, they promote those most like themselves. Let's not forget that the broken roll-out of the UO police had to be restarted after many EPD alums pulled the ""bag of dicks"" game out and then destroyed the career of the officer who reported their misdeeds. We need to fire the city manager and hire someone who will bring in a police chief we can trust. Speaking of the police chief, let's not forget his role in covering up the crimes of the EPD rapists prior to being promoted to chief.",profanity,1,0,1,0,0,0,0.7,0.0,0.6,0.0,0.4,0.0,civil-comments-human-crowd-aggregate
civilcomments-58f74270344cd219dcf2,What a silly unsubstantiated allegation. Back it up with your examples or at least have the honesty to admit you have nothing to substantiate your fake news.,insult,1,0,0,0,1,0,0.648649,0.027027,0.135135,0.0,0.554054,0.0,civil-comments-human-crowd-aggregate
civilcomments-9fe80017f3d9087e769a,"This is a ridiculous amplification of a splinter group of violent radicals who got their comeuppance. They in no way reflected other than a fragment of the Jewish effort, and it could still be argued that they were a reactive force not a proactive force, reprehensible as they were. On the other hand, Gaza elected Hamas to be their governing body!",insult,1,0,0,0,0,0,0.5,0.0,0.0,0.0,0.3,0.1,civil-comments-human-crowd-aggregate
civilcomments-cba763c16f777ba2d0af,The upside of living in Regina is that you can afford a house more easily. The downside of living in Regina is living in Regina.,neutral,0,0,0,0,0,0,0.0,0.0,0.0,0.0,0.0,0.0,civil-comments-human-crowd-aggregate
civilcomments-bc7b49b3f07350255eea,"This will certainly keep media interest. We've got to do something besides spend money until it's gone, and then go after the entire PFD.",neutral,0,0,0,0,0,0,0.0,0.0,0.0,0.0,0.0,0.0,civil-comments-human-crowd-aggregate
civilcomments-681017473783a8529548,"Unless, of course, the Legislature actually decides to do its job this next time around.",neutral,0,0,0,0,0,0,0.0,0.0,0.0,0.0,0.0,0.0,civil-comments-human-crowd-aggregate
civilcomments-6af4f500407aad628621,As I am reading these. I am taken back and mind blown. There is no easy fix. And if you haven't danced in someone else's shoes. You have no idea of there strife afflictions or abilities. We are talking about our fellow humans. The benefit of the doubt and a helping hand. And dare I say. Most folks who don't have heart for homeless or addicts maybe have bigger closet issues. Folks I have met with easy financial situation tend to drink more. Difference being......they aren't freezing!,neutral,0,0,0,0,0,0,0.1,0.0,0.1,0.0,0.0,0.0,civil-comments-human-crowd-aggregate
civilcomments-4114e849920ef0329e6d,can you post them?,neutral,0,0,0,0,0,0,0.0,0.0,0.0,0.0,0.0,0.0,civil-comments-human-crowd-aggregate
civilcomments-f3b2b06efee20aa55307,Oh don't you worry Vancouverites. -- Toronto has nothing over this market. Not many Toronto condos made +24% return in one year. (Probably not a single one.) And those are just condos we are talking about. We had a lot of winter in Dec and January. Lots of snow. You watch the spring sales. They'll be as widespread as the cherry blossoms coming in February. Ta ta Toronto! Not a chance you'll catch this market,neutral,0,0,0,0,0,0,0.0,0.0,0.0,0.0,0.0,0.0,civil-comments-human-crowd-aggregate
civilcomments-57bd79eef84180a78017,"""Trudeau Liberals' national climate deal to have big price tag for Canadians"". A fool and his money are soon parted, or should we say our money.",insult,1,0,0,0,1,0,0.8,0.1,0.0,0.0,0.8,0.0,civil-comments-human-crowd-aggregate
civilcomments-5cccda23147c2d75b1ed,"Nothing stopping old Frank from naming his daughter, Lisa -- to head the natural gas pipeline commission. Nothing save for class; decorum, rule of law.",neutral,0,0,0,0,0,0,0.0,0.0,0.0,0.0,0.0,0.0,civil-comments-human-crowd-aggregate
civilcomments-e68648c9b27c773f4cdb,"What yet another mis-spoke. He will soon have enough spokes to make a bicycle wheel. Lets face it. Unless 100 % scripted, he seems incapable of saying anything spontaneous that is the right answer. Makes you wonder just how confused this young man is..",neutral,0,0,0,0,0,0,0.166667,0.0,0.0,0.0,0.166667,0.166667,civil-comments-human-crowd-aggregate
civilcomments-49f2b711fdab23c2723b,"Right, because it takes a PR intern to state facts about pricing. Lol. Get a life.",neutral,0,0,0,0,0,0,0.166667,0.0,0.0,0.0,0.166667,0.0,civil-comments-human-crowd-aggregate
civilcomments-a9f6020ee80895a01bca,"Yes, it is almost as bad as hiring a prime minister based on name recognition and good hair. I don't think it is possible to be fired from a Trudeau 2.0 cabinet for being unqualified. After all, if a lack of qualifications was a big deal, Justin would first have to fire himself. In the case of minister Monsef, it is not just a lack of intellect but also a lack of relevant experience, accomplishment and - increasingly obviously - of judgement as well.",neutral,0,0,0,0,0,0,0.0,0.0,0.0,0.0,0.0,0.0,civil-comments-human-crowd-aggregate
civilcomments-b37efc9c8606cbd1b294,I want to be charitable to your argument. I don't think little girls are riding their bikes in droves to have an abortions. And they are certainly not riding them home afterwards. 13 year old girls should not be having sex. This ruling acknowledged that sex is not always consensual. It also acknowledged in some circumstances the parent is the perpetrator. Painting a picture of a child riding her bike to planned parents is not an accurate description about the circumstances surrounding this issue.,insult,1,0,0,0,0,0,0.5,0.1,0.0,0.0,0.0,0.0,civil-comments-human-crowd-aggregate
civilcomments-aa2c75831a856799e61f,"""Mr.President, the bombing of the empty Syrian airfield is not helping on the polls"". Oh! HECK lets bomb ISIs with the YUUUGGGEEESST bomb ever made! I say one a week should work! Sir, every thursday then? Yes! Sir, you do know that Syria is also fighting ISIS full force right? ""WHO CARES,BOMBS AWAY""....wheeeeeee.",insult,1,1,0,0,0,0,0.5,0.3,0.1,0.4,0.1,0.3,civil-comments-human-crowd-aggregate
civilcomments-c15620dae1e405edb435,"Most notable unto mine own self, were the episodes that he addressed the crowd, and the watching audience within Spanish messages. Last I checked, The United States of America, was NOT a predominantly Spanish speaking Nation, within of course, the exception of California and Florida. Yeah, yeah, now I am racist somehow, except I am not. Mine own query, is thus. Who, exactly, is he addressing, and why? Obviously, he is an open borders kind of individual, as is his running mate, but again, I wonder why? And than the epiphany came! Once the borders are completely open, and anyone without a valid ID can vote, well, the Liberals shall stay within power forever! Except they won't. Once a certain tipping point has been reached, pushed hard by the Liberals, Leftists, Marxists of this Nation, those that have been stranded shall fight back, within whatever means necessary to regain what has been unfairly taken from them by the Government. Simply look upon the Roman Empire within case.",neutral,0,0,0,0,0,0,0.166667,0.0,0.0,0.0,0.0,0.166667,civil-comments-human-crowd-aggregate
civilcomments-3e523c8748126fb27b81,"""Hillary won the popular vote with help of dead people voting and the votes of illegal aliens who shouldn't be voting."" -- Judass This kind of baseless, ignorant post is helpful only to the degree that it reveals in the list of ""Likes"" the other like-minded posters who eschew even basic facts: Commenter 48970, God Bless America (of course), Who let the dogs out? (ditto), frankincense&myrh, The DunthorpeMD (ditto), Crispina O Thagara and #blackriflesmatter. It's too bad that Civil Comments doesn't have the ""Ignore user"" option, like the Washington Post. -- Paul",insult,1,0,0,0,1,0,0.7,0.1,0.0,0.0,0.6,0.0,civil-comments-human-crowd-aggregate
civilcomments-5caacb5589f237fb9588,"Right on, Clem. Kachemak Bay rears Wise Ones.",neutral,0,0,0,0,0,0,0.0,0.0,0.0,0.0,0.0,0.0,civil-comments-human-crowd-aggregate
civilcomments-f5a78adafa57f839f005,Looking forward to good news about the pilot.,neutral,0,0,0,0,0,0,0.0,0.0,0.0,0.0,0.0,0.0,civil-comments-human-crowd-aggregate
civilcomments-bd22a7ee5bdc999688d7,"""30-plus years’ worth of experience in the civil/criminal justice system, I have an established background to make our community safe,” hes a court reporter - the person at the little typwriter. kind of a stretch to call that an ""established background to make our community safe.""",neutral,0,0,0,0,0,0,0.0,0.0,0.0,0.0,0.0,0.0,civil-comments-human-crowd-aggregate
civilcomments-93f56e39f5ab9a92bb47,"""how far he can go toward fulfilling his campaign promise of a ban on all Muslims"" Just when did he make this statement? I watched the WHOLE campaign and NEVER heard him say that. Can the people of Hawaii be ignorant enough to think this would be a good idea? The corruption in our state, the arrogance of our legislators, the treatment of her people by these same legislators is akin to how slave holders treated their slaves. Give them handouts, enough food and shelter to make them strong enough to work and keep them in power. Hawaii has enough problems, giving 'sanctuary' to illegals does nothing but add to her problems. I'm 'anti' on just about everything when it comes to government but on this one i am ANTI - illegals, I don't care who they are, they drain resources that should be going to our own people, at times robbing and killing and getting away with it... They need to go through the 'process' or be sent back to where they came from. FACT!",insult,1,0,0,0,0,0,0.5,0.0,0.0,0.0,0.4,0.4,civil-comments-human-crowd-aggregate
civilcomments-378a661496c926e5335b,"Here is an article about the John Jay report. It is worth reading. The rest of what you wrote is pretty much a diatribe which I will not answer, other than to say that what you write is homophobic.",neutral,0,0,0,0,0,0,0.166667,0.0,0.0,0.0,0.166667,0.0,civil-comments-human-crowd-aggregate
civilcomments-e4d1d70b9cd84da43f2a,snopes shows some em lines suggesting 'legal and non legal ways to deal with wikileaks',neutral,0,0,0,0,0,0,0.0,0.0,0.0,0.0,0.0,0.0,civil-comments-human-crowd-aggregate
civilcomments-c0f08720dfd1de2c6a11,You are not considering any cost associated with disposing of the material when it varies in the back of the truck haring your trash away. Once the material arrives it has to be dealt with. At least this process end up with a product that can be used.,neutral,0,0,0,0,0,0,0.0,0.0,0.0,0.0,0.0,0.0,civil-comments-human-crowd-aggregate
civilcomments-94ffcadd77382eadded5,"Every time somebody posts ""the Globe and Mail ignored"" you can find within seconds the Globe doing a story. Its a dead give away. Just once I would love somebody to post ""The Globe doesnt print ENOUGH stories about..."". THAT would be a sign of enlightenment.",neutral,0,0,0,0,0,0,0.0,0.0,0.0,0.0,0.0,0.0,civil-comments-human-crowd-aggregate
civilcomments-828b0ff07862c7960a25,"Now the waste of money to house and feed the criminals. Too bad the police did not return fire, with perfect aim, and get these scumbags, who attempted to take others lives, out of our hair permanently. Now others have to support them due to their decision to be a criminal.",insult,1,0,0,0,1,0,0.5625,0.05,0.275,0.1125,0.5,0.0,civil-comments-human-crowd-aggregate
civilcomments-129e88c74f318cf5eaad,Suck it up buttercup we all have bills to pay,insult,1,0,0,0,0,0,0.527027,0.054054,0.324324,0.0,0.445946,0.0,civil-comments-human-crowd-aggregate
civilcomments-601c88e086f3c144a5cb,"Spent a few vacations on Caye Caulker and Ambergis Caye and never felt unsafe. When travelling always be aware of your surroundings. The same day this happened there was a murder in my home town of Windsor, I'll still visit there also.",neutral,0,0,0,0,0,0,0.0,0.0,0.0,0.0,0.0,0.0,civil-comments-human-crowd-aggregate
civilcomments-f3447577e1caa7b0e950,Or perhaps the committee can procure the phones for the mushers. That would allow the committee to acquire a print out of all the calls. The same information is available from sat phone providers.,neutral,0,0,0,0,0,0,0.0,0.0,0.0,0.0,0.0,0.0,civil-comments-human-crowd-aggregate
civilcomments-4c76d85b6bbecf19b1a2,"I am definitely enlightened by reading this -- an abstract from the norm of what came first, the evolution story or the Bible? I definitely get it Mingming! Thanks for visiting Alaska.",neutral,0,0,0,0,0,0,0.0,0.0,0.0,0.0,0.0,0.0,civil-comments-human-crowd-aggregate
civilcomments-862b44bdeb742ae38de3,"""Electricity rates are higher in Ontario than they are in the 10 largest auto-producing U.S. states, a study by the Automotive Policy Research Centre at McMaster University in Hamilton, says."" At least read the article before making silly comments.",insult,1,0,0,0,0,0,0.6,0.0,0.1,0.0,0.4,0.0,civil-comments-human-crowd-aggregate
civilcomments-d951268229ce1605a303,"Just as it seems that those who demand retaining the old and control-centered doctrines that may have worked in the 16th century and rejecting new information and understanding are non-compromising and rigid in their views and actions. Now, having said that, I would add that we often forget about the larger group in the middle who are open to change while retaining the essentials of the original Church as has been our foundation from the time of Christ. That group tends to see the Gospels as being wonderfully fluid and as meaningful now, in what Jesus tells us, as it was when written the first time. To exist in the world of polar opposites only brings opposition and disconnect.",neutral,0,0,0,0,0,0,0.0,0.0,0.0,0.0,0.0,0.2,civil-comments-human-crowd-aggregate
civilcomments-13faf79379e3276bf0a3,"Trump the ZOMBIE candidate. Fortunately for America people have started paying attention to what he really is saying and there just isn't enough Trumpie's to elect him, but there are enough people for him to screw up the nominating process. The chicken's are coming home to roost in the party of HYPOCRIT'S.......................",insult,1,0,0,0,1,0,0.6,0.0,0.0,0.0,0.6,0.0,civil-comments-human-crowd-aggregate
civilcomments-9b51a92607424ce1b930,with is finger moving underneath each word so he would not lose his place.,neutral,0,0,0,0,0,0,0.0,0.0,0.0,0.0,0.0,0.0,civil-comments-human-crowd-aggregate
civilcomments-7164e0885a3d8487de74,"I like the one about the sky-diving attorneys better. What do you call them? ""Skeet""!",neutral,0,0,0,0,0,0,0.0,0.0,0.0,0.0,0.0,0.0,civil-comments-human-crowd-aggregate
civilcomments-aa67a4b106fd1fdf75ef,"Good for Ethics Commissioner Mary Dawson to investigate these fundraising activities. Although I'm generally a Liberal Party supporter, these recent revelations are damaging to the reputation of the party and will take time to repair the public's trust. Good also for the opposition parties to take the government to task over what appears to be unsavoury fundraising tactics.",neutral,0,0,0,0,0,0,0.166667,0.0,0.0,0.0,0.166667,0.166667,civil-comments-human-crowd-aggregate
civilcomments-3f3889e8e908e1931e4e,"In Native area mining, the company will choose one community with a very strong religious group. Watch out for small regional ""do good Mine paid groups"" to cover for the missing resources owed to the communities. Slowing down village hire by sending groups to get villages alcohol free before hire. Crap. In popular sports, they will support one musher. These companies have mega bucks and could support more communities. The companies will have too much control with only ten villages. ""Sweet talk"" in a Native Region by mining companies makes miners billionaires.",insult,1,0,0,0,0,0,0.5,0.0,0.3,0.0,0.2,0.0,civil-comments-human-crowd-aggregate
civilcomments-8bd1e703a29cabfbff6a,Stealing money is a crime. Accidentally killing your family in a plane crash isn't a crime. I expect that explains the different treatment of these two cases.,neutral,0,0,0,0,0,0,0.0,0.0,0.0,0.0,0.0,0.0,civil-comments-human-crowd-aggregate
civilcomments-24a611b950874ec72029,"Headline should read, Paul Jenkins rears its ugly head again.",insult,1,0,0,0,1,0,0.695652,0.028986,0.014493,0.0,0.695652,0.014493,civil-comments-human-crowd-aggregate
civilcomments-d313fc671cf054a7988a,Oh goodness fake news for snowflakes again. You ain't seen nothing yet - the Trumpster will sell ANYTHING for his own personal gain.,neutral,0,0,0,0,0,0,0.0,0.0,0.0,0.0,0.0,0.0,civil-comments-human-crowd-aggregate
civilcomments-5791754febe615e67a62,"The people in that area are very nice folk, I agree. Did the first and only 4 country joint venture for Herring up that whole coast. We took the residents state-of-the-art skiffs to fish. They made big bucks. I saw some of the most beautiful Alaska has to offer. And the wildlife is amazing! And the birds! Now, I wanna go back there.",neutral,0,0,0,0,0,0,0.0,0.0,0.0,0.0,0.0,0.0,civil-comments-human-crowd-aggregate
civilcomments-411fd647ed9463e5f4fd,"She did the right thing. The EU to put in bluntly is a joke, stumbling from one crisis to another, who needs them. Europe is quickly becoming a Group of ageing nations, and the level of trade will decline. Old people do not need more stuff. Turn to Asia and India, but do not forget Africa",neutral,0,0,0,0,0,0,0.0,0.0,0.0,0.0,0.0,0.0,civil-comments-human-crowd-aggregate
civilcomments-f2bb6f2d4d8db2a44445,That's hilarious. You object to the phrase Pussy Grabber? But it's perfectly okay to say 'grab them by the pussy?',profanity,1,0,1,0,0,0,0.831169,0.064935,0.727273,0.012987,0.285714,0.0,civil-comments-human-crowd-aggregate
civilcomments-9d2c39809b1822d97982,The company LL Bean sent money to Trump's campaign. I will not be ordering from LL Bean. Ever!,neutral,0,0,0,0,0,0,0.0,0.0,0.0,0.0,0.0,0.0,civil-comments-human-crowd-aggregate
civilcomments-c2848895d89e620b8157,"There are no such peopel as ""moderate"" Muslims. They all believe one thing and that is the submission of all humankind to Islam. The end goal for Aziz is the same as a car bomber in Paris. She will never ever actually be critical of Islam or jihadists who kill for Islam. She will be endlessly critical of people who are critical of Islam. This is her jihad because she helps deflect blame for global jihad bloodshed from Islam to us who don't want to convert or die.",identity,1,0,0,0,0,1,0.8,0.0,0.0,0.3,0.3,0.7,civil-comments-human-crowd-aggregate
civilcomments-83468cad5ee4f50a5616,How is it that Clent Wayne Wilson had access to this child? Where was mom when this was happening?,neutral,0,0,0,0,0,0,0.0,0.0,0.0,0.0,0.0,0.0,civil-comments-human-crowd-aggregate
civilcomments-8261d9be0867f5717f9d,"Karma is a terrible thing, wait until that wanna be thug is put in with the real bad asses tsk tsk tsk, whats HE gonna do? Hes in for a serious attitude adjustment and its going to huuuuuuurt.",profanity,1,0,1,0,0,0,0.625,0.075,0.525,0.0375,0.4,0.0375,civil-comments-human-crowd-aggregate
civilcomments-26ebf21914059bbd07fb,"""Correa had taken a hard-line approach to disciplining officers who had been accused of misconduct. He had also modified officers’ work schedules so that they could not get as many special duty assignments, such as those directing traffic in construction zones, to help pad their salaries."" There are rumors/allegations that the fire department members are manipulating sick leave to gain overtime pay. This would require coodinated efforts that include the station chief. I hope this isn't true, leave and pay records would show a trend and pattern of abuse.",neutral,0,0,0,0,0,0,0.166667,0.0,0.166667,0.166667,0.0,0.166667,civil-comments-human-crowd-aggregate
civilcomments-f2e701d1e2853c5c3225,"What a great opportunity for a local girl to be molested by our SprayONBack Gorilla of a president. Perhaps Trump will GRAB HER BY THE PUSSY! J.k. Congradulations Mrs Waldron. Please use this platform to adress real issues :). I wish you luck, and stay away from the oval office!",profanity,1,0,1,0,0,0,0.825,0.1375,0.775,0.0125,0.3875,0.0125,civil-comments-human-crowd-aggregate
civilcomments-44e2df3849ce8bb0c46e,"NCR thinks Congress is the path to solving the Middle East puzzle? Our Congress? Our Congress, powered by obstructionism, is virtually impotent, which may be a good thing because its members are more interested in getting re-elected than in helping people, and more adept at pandering than peacemaking. I know leaving matters in Mr. Trump's hands is scary, but Congress? Really? What are you thinking, NCR? To quote the late John Kennedy Toole, our Congress is now a ""confederacy of dunces.""",insult,1,0,0,0,1,0,0.5,0.0,0.0,0.0,0.5,0.0,civil-comments-human-crowd-aggregate
civilcomments-87c756edb65057975057,I watched and listened to the speech. Pelosi and the other bi.......s in white wouldn't have applauded if he had announced the final arrival of the Messiah. The Dems who sat on their asses no matter what was said made asses of themselves.,profanity,1,0,1,0,1,0,0.7,0.0,0.7,0.0,0.6,0.1,civil-comments-human-crowd-aggregate
civilcomments-7610a1a6652fd4b1ed24,"OK, well I guess Greatwood figures the Ducks are pretty much guaranteed to lose at this point, so he might as well give the Dawgs an incendiary remark so he can tell the Ducks that they had better come with everything they've got or it will be a beatdown for the Huskies. The trouble is, the Ducks have no defense, and if they don't play much, much better offense they won't score much either. Very sadly, I predict 69-17. I hope somehow the Ducks will prove me wrong, because I love the Ducks and hate the Huskies to the core of my soul. Prukop will start, but if he doesn't move the team well early, Herbert may get the call. Both had better be ready, but it won't matter if the O-line doesn't do the job.",neutral,0,0,0,0,0,0,0.2,0.0,0.0,0.0,0.1,0.1,civil-comments-human-crowd-aggregate
civilcomments-c75c018b2478fc481c6e,"Correct, that is what is happening here after Obama got caught lying about Russia hacking the election.",neutral,0,0,0,0,0,0,0.0,0.0,0.0,0.0,0.0,0.0,civil-comments-human-crowd-aggregate
civilcomments-f2e1f0f08bdf344a0684,Turdo better get on his knees and pucker up for Donald. Donald will just want a kiss on the ass but Turdo will want to give him a BJ,profanity,1,0,1,0,0,0,0.757143,0.1,0.7,0.014286,0.457143,0.0,civil-comments-human-crowd-aggregate
civilcomments-08952410f60059fa829a,"There is no such thing as "" normal""....it is subjective ....what is "" normal"" in the writer's environment/ community may not be normal in another...what is normal in Riyad may not be normal in Tokyo, what is normal in Sao Paulo may not be normal in Pyongyang...what is normal in Downtown Central Toronto may not be normal in Tecumseh or Smith's Falls.",neutral,0,0,0,0,0,0,0.0,0.0,0.0,0.0,0.0,0.0,civil-comments-human-crowd-aggregate
civilcomments-fb03fc7c5e3531584823,"Dammit. Art you should have let us in on it earlier. I would have bought stock if I had known they were going to do a Diesel Burner line. Man, if they ever come to Juneau with that line they will do great.",profanity,1,0,1,0,0,0,0.7,0.0,0.8,0.0,0.1,0.0,civil-comments-human-crowd-aggregate
civilcomments-340a3bb1cfe6d18edc39,"The Left will do anything to elect a minority or female candidate simply because they are a minority or female. No other qualifications necessary. This year it's the Republicans vs. the Children. Ok, so let's elect the known liar, who has shown her dereliction of duty as Secretary of State while setting fire to the Middle East and not providing our personnel in the region with adequate support to defend themselves. Good plan, Pitts. Let's elect the Democrat who has knowingly sent guns and ammunition to ""rebels"" that unfortunately turned out to be ISIS. The lady who supports Black Lives Matter, you know the movement that is actively targeting police officers across the country and currently dividing our country? How about we make every excuse possible for a candidate for the sole purpose of electing a female? Before that how about we whine and cry about a candidate with a proven record in business, you know that thing that makes the world go round?",insult,1,0,0,0,0,0,0.5,0.0,0.0,0.0,0.4,0.4,civil-comments-human-crowd-aggregate
civilcomments-d5116b416e6cf3d3f4a5,"Check your Constitution and Supreme Court rulings. ""..founded based on Judeo-Christian principles..."" is just the continuous lie thrown out in every forum by the fundamentalist christian horde.",identity,1,0,0,0,0,1,0.5,0.0,0.0,0.0,0.3,0.6,civil-comments-human-crowd-aggregate
civilcomments-3f64a0e24a4ca707da3b,"tip2 - Patrick is your every day progressive. Once they don't like what they hear, they trot out the racist card.",insult,1,0,0,0,1,0,0.5,0.0,0.0,0.0,0.5,0.0,civil-comments-human-crowd-aggregate
civilcomments-e1e0234d2bb9b975498b,When Obama says that the Paris attack on a Jewish Deli was a 'random attack' (2015) and that the Ft Hood killings were 'workplace violence' when the Muslim shooter was shouting -'God is Great' (2009) and only after a lawsuit was filed and the Congress threatened funding did he acknowledge that it was an 'act of terrorism (2015) acknowledging his 'spin' tendencies is justified.,neutral,0,0,0,0,0,0,0.3,0.0,0.0,0.0,0.1,0.3,civil-comments-human-crowd-aggregate
civilcomments-9d95485c9ec31ef31e28,"The largest cost in the budget is health and human services. The state should require that for every child being supported by the state, the mother must identify the father so he can be required to pay the state back. Every able bodied welfare recipient should have to provide volunteer hours of work to the state.",neutral,0,0,0,0,0,0,0.0,0.0,0.0,0.0,0.0,0.0,civil-comments-human-crowd-aggregate
civilcomments-eca75884b911e3e862bb,"The problem with your rationale, is that the tRUMPster says 10 times as many ridiculous things in a few days, than Hillary says all month. Now that's democracy. The more jibberish he puts out, the more the news outlets have to fact check and show his hypocrisy. Someone on his staff needs to take away all of his electronic media devices. But that will never happen. tRUMP loves the attention, that is until the Republicans tell him in so many words that he's gone too far. Sorry Last Patriot, just keeping things in perspective for you.",neutral,0,0,0,0,0,0,0.3,0.1,0.1,0.0,0.2,0.0,civil-comments-human-crowd-aggregate
civilcomments-7adcaba01962d3d821c2,"When Obama was first elected I was very disappointed. However, I resolved to make the best of it and give him a chance. If I were now a rank and file Democrat I'd be embarrassed by the hypocrisy and just plain old lunacy of so many other Democrats. Relax folks, it isn't the end of the world; really.",insult,1,0,0,0,0,0,0.5,0.0,0.0,0.0,0.4,0.0,civil-comments-human-crowd-aggregate
civilcomments-caec6fc9914acc5fafa2,That mask should be replaced with a gag,insult,1,0,0,0,0,0,0.6,0.0,0.0,0.3,0.2,0.0,civil-comments-human-crowd-aggregate
civilcomments-e6f6762005c0bf498fff,"I think you miss George W Bush. One more illegitimate war that causes 500,000 civilian deaths on the other side of the world, along with 5,000 American deaths and 3,000,000,000,000 dollars of expense, should be fun!",neutral,0,0,0,0,0,0,0.0,0.0,0.0,0.0,0.0,0.0,civil-comments-human-crowd-aggregate
civilcomments-b4c1c1988eeb98abf70c,"I just wish Trump supporters would experiment with finding Trump-type personalities to take care of them in other fields than politics. Like doctors, for example. Let's say you have a serious health problem. Do you want a doctor with shaky professional ethics, a concern for image over substance, and a habit of ignoring facts for the sake of servicing his brand? Heck, do you even want a car mechanic like that? Or what about a teacher who teaches your kids? The thing is, you wouldn't want a Trump in those cases. So, um, why not extend the logic in those cases to politics?",neutral,0,0,0,0,0,0,0.0,0.0,0.0,0.0,0.0,0.0,civil-comments-human-crowd-aggregate
civilcomments-3c0ac471c04e86b31a19,Rick it would be very interesting to know what you do for a living. You point of view indicates working for a living isn't in your cards.,neutral,0,0,0,0,0,0,0.166667,0.0,0.0,0.0,0.166667,0.0,civil-comments-human-crowd-aggregate
civilcomments-59dab9d473418a977f1a,"Amen Graykeeper! We have lost or decimated over twenty species down here under the ""wise"" guidance of ADFG. Take till there is nothing left then move onto the next species till they are gone too. While there still is enough for broodstock, while the populations still have a chance to grow their numbers under all the mortality factors out there stand down! Especially the big buck non resident trophy folks that ADFG kowtow to. Glad the Council saw fit to protect the caribou and not take them over the threshold. The precautionary principle...it would be nice if the BOG or ADFG could understand this concept.",neutral,0,0,0,0,0,0,0.0,0.0,0.0,0.0,0.0,0.0,civil-comments-human-crowd-aggregate
civilcomments-3ebb17e1ab21f89bea09,"So an armed felon with a history of violence was shoot. Who cares. The cops were responding because he pointed a gun at someone. They should investigate why the body cam's did not work, that part is a little fishy.",threat,1,0,0,1,0,0,0.6,0.0,0.1,0.5,0.0,0.0,civil-comments-human-crowd-aggregate
civilcomments-02d7d769fa55e36d7a46,"In the sports world, however, the University of Oregon, like the other upper level sports schools, are essentially farm teams for the NFL. The coaches and assistant coaches move back and forth and up and down in the football industry which has a lot more money then most corporations. Their tenure is not guaranteed and their excessive salaries serve the same purpose as the stock options and severance pay of CEO's of the large corporations' 'golden parachutes' when they lose too many football games.",neutral,0,0,0,0,0,0,0.0,0.0,0.0,0.0,0.0,0.0,civil-comments-human-crowd-aggregate
civilcomments-f2b99110885409bd8f5c,"shoot, shovel , n shut up",threat,1,0,0,1,0,0,0.736842,0.105263,0.052632,0.631579,0.210526,0.0,civil-comments-human-crowd-aggregate
civilcomments-ff0158d2949283f6fb34,"Until the Church realises that they are a failing ""business"" on the verge of bankruptcy , very little will change. My old parish in the Midwest was closed. My new parish has no Masses this week because the pastor is exhausted and there is no priest to replace him. The priests in Ireland are now required to work till at least 75 and some have committed suicide. Let's start with making celibacy optional.",neutral,0,0,0,0,0,0,0.166667,0.0,0.0,0.0,0.166667,0.166667,civil-comments-human-crowd-aggregate
civilcomments-de372bd20b3b31838ab6,The real world isn't like being a reality TV show host with a twitter account is it? Let's hope this kind of absurdity doesn't lead to something devastating like a war because he heard some random crap a talk show host said.,profanity,1,0,1,0,1,0,0.7,0.0,0.7,0.0,0.5,0.0,civil-comments-human-crowd-aggregate
civilcomments-1fc70985f71f2997337b,"Yes, you are awfully loud. Not much of substance to say, though.",insult,1,0,0,0,1,0,0.5,0.0,0.0,0.0,0.5,0.0,civil-comments-human-crowd-aggregate
civilcomments-44c01e5323e0518d3d7d,Spend money to save money. Sounds like a damned TV commercial.,profanity,1,0,1,0,0,0,0.8,0.0,1.0,0.0,0.0,0.0,civil-comments-human-crowd-aggregate
civilcomments-4a5f74e1b03c32045655,"Bill Curry: why the venom toward a pet owner? Its the cruel, illegal, negligent dumbass trapper that should receive your disdain.",insult,1,0,0,0,1,0,0.581081,0.040541,0.081081,0.013514,0.527027,0.013514,civil-comments-human-crowd-aggregate
civilcomments-87a6bdf84d896e4f36d7,I believe sodomy is also illegal in Canada still (section 159) regardless of the sexual orientation of the couple. Just saying....,neutral,0,0,0,0,0,0,0.0,0.0,0.0,0.0,0.0,0.0,civil-comments-human-crowd-aggregate
civilcomments-cf0eebf150e8dc9bc081,Blanket Statement Of The Year Award!! Nice effort!,neutral,0,0,0,0,0,0,0.0,0.0,0.0,0.0,0.0,0.0,civil-comments-human-crowd-aggregate
civilcomments-5617d0ca873f91c5c657,"Please tell me this is just a bad dream. Every time I hear Donald Trump referred to as ""President Trump,"" I cringe! A 70 year old lying crooked con man who dyes his hair orange, scotch tapes his tie, brags about grabbing pussy. This guy had the final word on the attack in Yemen?? To every one of you that voted for him, you have been his greatest con of all. He urinates and defecates in gold plated toilets and you think you have something, ANYTHING, in common with him? He doesn't know you and he doesn't feel you. Actually, he despises you. You were just too easy, so gullible. To Trump, you're a bunch of dummies. Steve Bannon is about to school you on just how gullible you really were. Shoving Christianity down our throats is just another example of what's in store.",insult,1,0,0,0,1,0,0.625,0.075,0.3875,0.0,0.575,0.1,civil-comments-human-crowd-aggregate
civilcomments-746556dc1db64a0881cd,"There is a lot of anger in these commentsituations. I feel bad .too for my friend, but James is gone. Let the legal system work it's process. Take from this tragedy an increased vigilance of those on the roads not in cars. We have all had close calls, drivers can do better. Put away phones & distractionsmall. Pay attention. It's what James wanted.",neutral,0,0,0,0,0,0,0.0,0.0,0.0,0.0,0.0,0.0,civil-comments-human-crowd-aggregate
civilcomments-01f234cf85cb544ab6bf,"By the way, being gay is not a ""lifestyle"" just like being heterosexual is not a lifestyle. It's called a life and it's a life that is none of your concern. If you don't like seeing gay people and people who support gay people why don't you stay away. You are not wanted and you clearly don't have anything nice to say so, go home and try to poison your own community.",insult,1,0,0,0,0,0,0.6,0.0,0.2,0.3,0.3,0.3,civil-comments-human-crowd-aggregate
civilcomments-02d856ccd885b2410f7f,"so other than governing while black, what made Obama a racist and a thug?",identity,1,0,0,0,1,1,0.621622,0.067568,0.0,0.027027,0.540541,0.527027,civil-comments-human-crowd-aggregate
civilcomments-cddf6b672993b6744f75,Shorter campaigns great idea umpossible to enforce. Dumping the electoral college is a horrible idea and hope it never succeeds. The electoral college was a wonderful concept that is still needed today.,neutral,0,0,0,0,0,0,0.0,0.0,0.0,0.0,0.0,0.0,civil-comments-human-crowd-aggregate
civilcomments-fc87a5e989792521dedd,"As far as i can tell, there is one reason to vote for Hillary, which you mention, but so very many reasons not to. I fear she lost her soul to the establishment, and find it hard to believe she makes any decisions without polling it first. NAFTA, the war in Iraq, gay marriage, legalizing marijuana, the TPP, etc., etc. etc. She votes for what's politically popular every time. I wish Elizabeth Warren was running!",neutral,0,0,0,0,0,0,0.3,0.0,0.0,0.0,0.2,0.2,civil-comments-human-crowd-aggregate
civilcomments-13eadcad304a2b7690a7,"When members of the media confronted tRump about his allegations that the primaries were ""rigged,"" he flashed that arrogant, squinty-eyed look and said, ""It was rigged until I won."" You got that voters? Gawd help us all if his shadow is casted on the White House front door.",neutral,0,0,0,0,0,0,0.0,0.0,0.0,0.0,0.0,0.0,civil-comments-human-crowd-aggregate
civilcomments-f0688549643a91da130b,How many times are you going to post that gary? Your opinion on Trump's mental health is absolutely meaningless to everyone but your narcissistic self.,insult,1,0,0,0,1,0,0.539474,0.013158,0.0,0.0,0.526316,0.026316,civil-comments-human-crowd-aggregate
civilcomments-ab966b4a13693d6ebae2,"Roy, I don't know the final figure, but Save Our City did spend at least $200K or so on political materials during the fall election. Most of it went to TV and radio.",neutral,0,0,0,0,0,0,0.0,0.0,0.0,0.0,0.0,0.0,civil-comments-human-crowd-aggregate
civilcomments-ae40bc0b67b4764f7f25,"Don't pay attention to this crap Donny. It's not like you took your family to Paris, or London, or Amsterdam or Italy for a vacation, as one or two legislators did, and billed the state for it. Folks won't call that ""entitlement."" They'll just smile along with the world travelers. Especially if they come from Anchorage.",profanity,1,0,1,0,1,0,0.8,0.0,0.7,0.1,0.5,0.1,civil-comments-human-crowd-aggregate
civilcomments-34ec737cf1d1d703f3a4,"""(Eugene’s will likely be green or yellow)"". Either read faster or type more slowly!",neutral,0,0,0,0,0,0,0.0,0.0,0.0,0.0,0.0,0.0,civil-comments-human-crowd-aggregate
civilcomments-c90471822f8a6081156a,"I agree. I've thought for a while now that the Editorial section of the online edition has been rather like that back yard that can't be seen from the street. Nobody wants to mow the lawn, trim the bushes, or pick up the rusty tricycle. It could be the most vibrant and thought provoking area of the site but it's just been allowed to become overgrown through inattention.",neutral,0,0,0,0,0,0,0.0,0.0,0.0,0.0,0.0,0.0,civil-comments-human-crowd-aggregate
civilcomments-323185c53463c1b5de41,"Oh wah! Still bitching,whining and complaining even after your criminal, traitorous national security risk, fcheat, defrauding, sexual predator, pussy grabbing, ass-kissing, golden-showers loving Russian lapdog was ""elected"" to the presidency.",insult,1,1,1,0,1,0,0.946113,0.314488,0.901943,0.011484,0.865724,0.232332,civil-comments-human-crowd-aggregate
civilcomments-0d6dc37c660617b5f372,"That is just not true. In situations where Harper violated Canadian law, in the Nadon case for example, individuals took him to court",neutral,0,0,0,0,0,0,0.166667,0.0,0.0,0.0,0.0,0.0,civil-comments-human-crowd-aggregate
civilcomments-eea8e41b7ed5cc8b9c5c,"I'm getting tired of the gloom and doom, the sky is falling, Trump is an a*****e reporting. You guys were WRONG! in calling the results of the US election, what in any way makes you right now?",insult,1,1,0,0,1,0,0.6,0.3,0.4,0.0,0.6,0.1,civil-comments-human-crowd-aggregate
civilcomments-b4001a6dab4973c638d0,"""Gay assassins?"" Is that a thing? Sounds fabulous.",identity,1,0,0,0,1,1,0.7,0.0,0.0,0.0,0.6,0.6,civil-comments-human-crowd-aggregate
civilcomments-6f692e3a8a99112c2d0d,"If by ""subsistence"" you mean ""depending on"" wild game to reduce your grocery bill, so as to free up money for other pursuits, every Alaskan fisherman or hunter is ""dependent"" on subsistence. I agree that it is a complete myth that anyone would starve (to death) without it in this day and age of food stamps EBT cards, welfare, WIC, etc. Thank God those days are past!!!! The ancestors of EVERY human being on earth were hunter-gatherers who were actually dependent on wild game in the past, yet some try to exercise perpetual ancestors rights based upon race. Wild game belongs equally to every Alaskan, but some Alaskans are more equal than others.",neutral,0,0,0,0,0,0,0.0,0.0,0.0,0.0,0.0,0.0,civil-comments-human-crowd-aggregate
civilcomments-6bccecdc1d0c5b1f0b02,"AB, SK and ON all have support for the Catholic separate system written right in their founding legislation. The fact that's the BNA Act for Ontario and the Alberta Act or Saskatchewan Act for the other provinces, is kind of immaterial. So, the fact this ruling happened in one of the three remaining provinces with constitutional backing for a separate system is telling. It was always going to be harder in those three provinces, but was it going to be impossible? Fast forward 100 years ... will we still have a Catholic system? We both know they won't exist, so the real question is: how quickly will they fade, and by what method will lawyers find a way around the constitutional restrictions. It's going to happen, regardless.",neutral,0,0,0,0,0,0,0.0,0.0,0.0,0.0,0.0,0.0,civil-comments-human-crowd-aggregate
civilcomments-f361ce9face60098de26,Idiots for politicians does not relate to training rural VPSO's nor their ability to be armed. But having a low opinion of some politicians is the right of you and all other Americans.,insult,1,0,0,0,1,0,0.847222,0.013889,0.208333,0.0,0.791667,0.041667,civil-comments-human-crowd-aggregate
civilcomments-db877e46fe922dac23d6,"""Fake news"" is a fake concept. Did it happen, are people talking about it, did they decide to publish it, and people decided to read it and/or comment on it? Then it's news, whether some people think it is worthy or not. To me, real ""fake news"" is a completely made-up, fact-free story (because it didn't happen.) Somehow, some goofballs bastardized the meaning, co-opting it into judgment and whether a negative assessment of a news piece meant that the piece shouldn't exist at all. Pretty bogus, in my humble opinion. Face it, we don't really control what gets published, and it's our choice whether to consume it or not. And what is worthy of publishing and/or reading is a subjective, variable perspective.",neutral,0,0,0,0,0,0,0.166667,0.166667,0.0,0.0,0.0,0.0,civil-comments-human-crowd-aggregate
civilcomments-d913f908d14a78345145,"Shannyn Moore is an Idiot, and a Fool. RR, you have and do write better than she. Unfortunately if you wrote her column for her, ADN would be dead. She's here for fluff and entertainment.",insult,1,0,0,0,1,0,0.836066,0.032787,0.213115,0.065574,0.803279,0.032787,civil-comments-human-crowd-aggregate
civilcomments-ad66479c335833f7645e,"I didn't realize that O'Leary was mean spirited and divisive. Surely you must be thinking of someone else. I will grant you that he is outspoken and brash, but he is also a realist and understands our deficiencies and is not afraid to address them. I far prefer that to a feel good prediction about sunny days.",neutral,0,0,0,0,0,0,0.0,0.0,0.0,0.0,0.0,0.0,civil-comments-human-crowd-aggregate
civilcomments-c67727d04a7ed17605e1,"Actually I'm not a cyclist by most definitions, oops, there goes your premise. Although I do occasionally ride a bike on paths I require a car for all my transportation due to logistics. I guess your attitude scale also has zero credibility now. I am bothered by irresponsible cyclist as much as anyone but I am reasonable enough to realize that cycling needs to be encouraged for both logistics and economics. Cities will be going in this direction so get used to it. No one disagrees that a cyclist will be the loser in a collision so there's no need to ""just say"" Most cyclists are also drivers so they see it from both perspectives. Perhaps ""ignorant drivers"" was a bit strong but I don't think that pushing cycling infrastructure aside because it is an inconvenience is the appropriate solution. Am I wrong that you drive a car?",insult,1,0,0,0,1,0,0.5,0.0,0.1,0.0,0.5,0.0,civil-comments-human-crowd-aggregate
civilcomments-f20f1086fca9edcf82ef,"What is the name of the author of this piece? Is there in fact one name, or does it proceed ex cathedra, like the collective, oracular mutterings of a committee at odds with itself? The latter, I suspect, since the moot opinions of committees are seldom very convincing.",neutral,0,0,0,0,0,0,0.0,0.0,0.0,0.0,0.0,0.0,civil-comments-human-crowd-aggregate
civilcomments-28d4dedc262290beb842,"Seriously, Reg Guard? You're going to name names and the trauma that will inflict on the individual? Especially when the dude's name ain't available? What's next, scarlette lettering? Have some $%@%ing class and mercy. I took a journalism ethics class in college. You don't gain clicks by naming the person. You just do harm. Screw you, Chelsea Gorrow. I don't know the young lady involved here, so YOURS is the name that I'll remember after this. You could have made the other choice rather than trying to fucking scar some poor 18 year old. It's a funny story without the name.",profanity,1,0,1,0,0,0,0.8,0.1,0.8,0.0,0.2,0.0,civil-comments-human-crowd-aggregate
civilcomments-80eaae4647bc650b2665,"Unbelievable! We have a government that is so inept, so lacking in experience and so concerned about their image, that they spend $200,000.00 in taxpayer's money to implement their own platform?! Wouldn't it have been prudent for the Liberals to examine the feasibility of their platform pledges BEFORE they promised them?",insult,1,0,0,0,1,0,0.5,0.1,0.0,0.0,0.5,0.1,civil-comments-human-crowd-aggregate
civilcomments-97406797fbb3d86c4371,As per usual.......every solution includes raiding the PFD or taxes......but damned if they will regulate their own spending.,profanity,1,0,1,0,0,0,0.6,0.0,0.6,0.0,0.4,0.0,civil-comments-human-crowd-aggregate
civilcomments-1a3075c6a0c1734de311,"When they've let the Republicans completely empty the state's treasury, implement an income tax, sales tax, spend down the PFD, impose a $100-$500 education tax, continue to increase the fuel tax, raise state fees on anything that moves......",neutral,0,0,0,0,0,0,0.0,0.0,0.0,0.0,0.0,0.0,civil-comments-human-crowd-aggregate
civilcomments-ff5e0c21f66db2acd24a,"""The law is a powerful thing"" Thank God for our constitution with it's checks and balances. The ""so-called"" ""outrageous"" President just got bitch slapped by reality from a Bush judge who was appointed 99-0. It's past time to invoke the 25th and remove the clear and present danger before he gets anymore of our troops killed. Trump and his overinflated balls is about to cross the impeachable red line.",insult,1,0,0,0,0,0,0.580247,0.037037,0.382716,0.061728,0.382716,0.024691,civil-comments-human-crowd-aggregate
civilcomments-71dd5184fd1a6f3d4e14,Keep crying. Your tears are delicious!,insult,1,0,0,0,0,0,0.7,0.0,0.0,0.1,0.3,0.0,civil-comments-human-crowd-aggregate
civilcomments-d77b2830c6bf5ca7ce91,"""It is a promise that a man and a woman make to every child, from the moment he or she is conceived in their thoughts.” How well Pope Francis puts it! All existence in the time present is remembered forward from the past, including consciousness. The living generation in each time is the advance of life from the past, which needs to be cherished and understood. Nothing should occupy personal consciousness/ conscience more than awareness that ours is the responsibility to add our increment of understanding to that of the past with special focus on bettering the future of common well-being.",neutral,0,0,0,0,0,0,0.0,0.0,0.0,0.0,0.0,0.0,civil-comments-human-crowd-aggregate
civilcomments-a860e4d0d89232335922,Death to the Daesh!,threat,1,0,0,1,0,0,0.791667,0.138889,0.013889,0.736111,0.055556,0.166667,civil-comments-human-crowd-aggregate
civilcomments-36bcf0e1b3d845707e5d,"The Constitutional 'protections' depend on the interpretation of 5 of 9 unelected judges. ""Protected classes"" depend on a majority of legislators state by state or maybe in the US Congress. And then by that decision of the 5 of 9 unelected judges. Only the decision of one judge made 'gay marriage' legal in Oregon, despite the majority votes of the people of Oregon.",neutral,0,0,0,0,0,0,0.0,0.0,0.0,0.0,0.0,0.0,civil-comments-human-crowd-aggregate
civilcomments-f5a45452ec1dc153d42f,"There are problems we can solve ourselves as Alaskans, and there are larger problems e cannot... I prefer to deal with problems I (we) can solve to benefit ourselves - not just whine about ones we cannot sove at the Alaska level.",neutral,0,0,0,0,0,0,0.0,0.0,0.0,0.0,0.0,0.0,civil-comments-human-crowd-aggregate
civilcomments-ad67789266888e14ef5a,You are more likely to die in a bathtub than be killed by a Muslim. Therefore your fear of taking a shower is rational too.,insult,1,0,0,0,0,0,0.513158,0.026316,0.013158,0.276316,0.223684,0.460526,civil-comments-human-crowd-aggregate
civilcomments-3d0498d896da091e3adc,"It's only a matter of time before supporting abortion, evolution, or climate change will be capital offenses.",neutral,0,0,0,0,0,0,0.0,0.0,0.0,0.0,0.0,0.0,civil-comments-human-crowd-aggregate
civilcomments-80271e84e64db903bc2c,"Congress passed and the President signed legislation last year extending the deadline for compliance until December 2018. The primary rationale for the extension according to the GAO report was technology issues and cost factors for public rail systems that are subject to the Act. After a quick read of the regulations promulgated under the Act, I don't see where crossings, as suggested by Mr. Neu, are ever considered as significant part of the compliance with the Act. I think it is a stretch to believe that the UP could be coerced into providing something that is a convenience issue (noise) rather than a safety issue for the downtown crossings.",neutral,0,0,0,0,0,0,0.0,0.0,0.0,0.0,0.0,0.0,civil-comments-human-crowd-aggregate
civilcomments-a3d82fdfc31d87460686,"You believe that trump is a normal American? Really? How so? You think trump supporters are the majority in this country? You're saying the majority believe in being racist, bigoted, misogynistic, homophobic and xenophobic? I hope you're as right about this as you are about history.",insult,1,0,0,0,1,0,0.6,0.1,0.0,0.0,0.5,0.2,civil-comments-human-crowd-aggregate
civilcomments-e7e1a8248426a887a801,"Because he didn't correctly list the cost of the Middle East wars in the budget and Obama added them to the debt, which is where they should have been. FACT.",neutral,0,0,0,0,0,0,0.0,0.0,0.0,0.0,0.0,0.0,civil-comments-human-crowd-aggregate
civilcomments-a2b56b170ccabdfbeda8,"why not halfwaythere.. made in china at twice the price.. well, actually, ten times the price.. been to china.. know the prices",neutral,0,0,0,0,0,0,0.0,0.0,0.0,0.0,0.0,0.0,civil-comments-human-crowd-aggregate
civilcomments-dadad08a3e6b1e884819,"Thanks for the great review. It's becoming impossible to find a friendly ""real"" church these days. We will surly visit there some day.",neutral,0,0,0,0,0,0,0.0,0.0,0.0,0.0,0.0,0.0,civil-comments-human-crowd-aggregate
civilcomments-b7390535d341ba0034c9,Notice how Wente is sounding more and more like Trump every week? : How long until she claims she came up with one of Trumps ideas?,neutral,0,0,0,0,0,0,0.0,0.0,0.0,0.0,0.0,0.0,civil-comments-human-crowd-aggregate
civilcomments-e8e8dedb4d67018bb341,For God's sake Ontario tap out of this lunacy. Taxing ourselves into energy poverty goes way past ridiculous. Economic suicide. Unfortunately the Ontario Liberals have no clue.,insult,1,0,0,0,1,0,0.6,0.0,0.1,0.1,0.5,0.0,civil-comments-human-crowd-aggregate
civilcomments-5b7accfce8142bfef1b5,"I don't understand the arguments at all -- carrying a cell phone does NOT make you, or what you are doing, ""safer"" in any way! A cell phone cannot prevent you from falling though the ice of a lake or river, or from hitting a hidden stump, or from colliding with a moose. ALL it can do is help with the aftereffects. I fear that this will only give a false sense of ""security' to the e-gadget obsessed participants, and diminish the spirit of the race. How pathetic.",insult,1,0,0,0,1,0,1.0,0.0,0.0,0.0,1.0,0.0,civil-comments-human-crowd-aggregate
civilcomments-8ffa7855f79a10865045,Medicare works great for me. No complaints!,neutral,0,0,0,0,0,0,0.0,0.0,0.0,0.0,0.0,0.0,civil-comments-human-crowd-aggregate
civilcomments-c26b876a2e93820d3c3b,"Unfortunately, given his past behavior, adultery, and his comments this ""news"" seems possible. However despite his previous behavior for which similar behavior ended political careers, the electoral college voted for him to be president.",neutral,0,0,0,0,0,0,0.166667,0.0,0.0,0.0,0.0,0.0,civil-comments-human-crowd-aggregate
civilcomments-0eb815d28731875e95db,Can someone explain to these idiot jurors that the days of free money are over. Give out a million dollar reward for very little and 10 school rooms go without a teacher.,insult,1,0,0,0,1,0,0.714286,0.014286,0.128571,0.0,0.728571,0.0,civil-comments-human-crowd-aggregate
civilcomments-be9594c6b91f04f8d548,There is a global surplus of capital sloshing around markets. There is not enough potential growth in mature economies to support higher rates. You can expect rates to come back down as growth falters under Trump. The US will be lucky to average 2% growth over the next few years.,neutral,0,0,0,0,0,0,0.0,0.0,0.0,0.0,0.0,0.0,civil-comments-human-crowd-aggregate
civilcomments-9d90debad49e002091f5,Lot's of Loggers coming tomorrow!,neutral,0,0,0,0,0,0,0.0,0.0,0.0,0.0,0.0,0.0,civil-comments-human-crowd-aggregate
civilcomments-c413168a88ffbe62aa6b,"And that guy lives in China for 20 years with Canada green card, never paid Canadian tax. He sent his children back here to go to school, enjoy all the benefit we have paid. Also he bought a house here in GTA (of course he doesn't live in it). And he has photos put online showing him meeting Harper, LOL. Canadian are so screwed cluelessly.",profanity,1,0,1,0,1,0,0.9,0.0,0.5,0.0,0.8,0.4,civil-comments-human-crowd-aggregate
civilcomments-633335b10abcd1b7ddf4,"Another ""cute"" comment..... Means nothing.",neutral,0,0,0,0,0,0,0.0,0.0,0.0,0.0,0.0,0.0,civil-comments-human-crowd-aggregate
civilcomments-5b76d41ba5748573ddf4,"Sorry I missed your parade. As a scientist it was my duty to show up and shout down computer modelers and consensus builders pretending to be scientists. But, this is a nothingburger. Remember, science says there are only two sexes.",neutral,0,0,0,0,0,0,0.166667,0.0,0.0,0.0,0.166667,0.0,civil-comments-human-crowd-aggregate
civilcomments-cfdf644bba30ca93ad00,"I think you would be surprised to find out how often criminals loan/trade their weapons. Gang members do this specifically to cause doubt by having alibis for several of the ""linked"" murders. In my opinion, APD should only provide public statements about cases based on tangible evidence not opinion. I think that all of the important information was released to the public, enough that we should have been sufficiently aware of the circumstances. We were made aware of all 5 murders, their locations and the approximate time. We were warned not to travel the trail system at night alone. We were provided a description of the suspect for one of the murders as well. I guess what I'm trying to say is before Saturday, how would you be more safe knowing it was one guy instead of 3 separate guys? imo APD shared all of the important information with the public already.",neutral,0,0,0,0,0,0,0.166667,0.0,0.0,0.166667,0.0,0.0,civil-comments-human-crowd-aggregate
civilcomments-e036f86c5e07a69c004a,"Good day, Lies, I see you flatter me by stealing my line, then you repeat your lies about what I actually wrote. Then you double-down on your irrelevant deflection from the topic. I will say this for you, you wriggle splendidly, like a worm on a hook; but to continue the simile, you won't catch any smart fish - your bait is too obvious. So far, only YOU have used the word ""bimbo"" in this discussion. It is another diversion by you, it has nothing to do with the discussion, and your claim of its use probably isn't even true; but if it had been used to describe Gennifer Flowers, for instance, so what? Probably it's true, although ""hussy"" certainly would have been equally appropriate. Anyway, after this discussion, I have become aware that you aren't interested in substantive discussion; what you really want to do is project your anger in the nastiest, most deceitful ways. I won't talk to you any more, after this. You are rude and unpleasant, and you lie like a rug.",insult,0,0,0,0,1,0,0.4,0.0,0.0,0.0,0.5,0.0,civil-comments-human-crowd-aggregate
civilcomments-3f16cea275def99758a4,"And there are still 8 weeks to go. The stupid, desperate, and ugly is gonna get far worse. Damn she sounds scared. Clinton may be the only woman in the world that can make Trump look and sound presidential. That's scary too......",profanity,1,0,1,0,1,0,0.852941,0.088235,0.735294,0.0,0.764706,0.044118,civil-comments-human-crowd-aggregate
civilcomments-af5693b965f716cd6e1b,"Another company who doesn't want to meet the minimal standards of the Affordable Care Act, I especially like this part "" “the market requires significant reform in order to be sustainable,” What they are saying is that as long as they are made to actually pay for the health care that they take in premiums for they aren't going to do it. Their CEO made 13 Million last year plus an 8.9 million retirement package, But that medical test your Doctor ordered to keep you alive, That's just too damn much : (",profanity,1,0,1,0,0,0,0.5,0.0,0.5,0.0,0.1,0.1,civil-comments-human-crowd-aggregate
civilcomments-7ad129e6ccc8a7e1b949,"Bush did a lot of shit by using the Unitary Executive concept that ironically the right was completely in agreement with in the Bush era but then use against Obama at the slightest turn of the wheel. We have controlled Guantanamo since the Spanish American war I believe so it wasn't a big deal to open a torture camp there to avoid having to give the accused real trials in the US court system. The blind sheik who was behind the first Trade Tower bombing in 1994 or so was indicted, tried and convicted in US Federal court and is now serving time somewhere ""up the river"". Our system worked under Clinton but then the Bush administration decided to break with all tradition by using torture, rendition to torture centers and military tribunals to deal with anyone even suspected of wrongdoing. Trump is using and building on that illegal policy. President Obama tried to close the prison and has released many of the suspects who have been held without charges let alone trial for 15 years.",profanity,1,0,1,0,1,0,0.8,0.2,0.8,0.0,0.6,0.1,civil-comments-human-crowd-aggregate
civilcomments-a8d287c62d75067e1e8e,"If the priest has a husband, (actually, it was a Church employee who got married), no problem at all. About half of priests are gay and a significant number are not chaste, so it would be better to get rid of celibacy so they can be married rather than on the down low. As for giving money, yes, to every child regarldess of parental wage.+You should too if you claim to be pro-life. Ever here of Milton Friedman and Pope Pius XI? They agree. i would rather be in the part of the Catholic cafeteria that does justice rather than the one who persecutes what they do not understand.",identity,1,0,0,0,0,1,0.5,0.0,0.0,0.0,0.3,0.5,civil-comments-human-crowd-aggregate
civilcomments-b58cb790a3bc20c5a5aa,Trump has nominated some damn good liers for his protection,profanity,1,0,1,0,1,0,1.0,0.0,0.7,0.0,0.8,0.0,civil-comments-human-crowd-aggregate
civilcomments-d3671bd01f008f119d3c,I hope that the Mother is thankful for the actions of this Trooper. He went over and above the job description of a trooper. Lets hope that the Mother grows up enough to come back and show her gratitude.,neutral,0,0,0,0,0,0,0.0,0.0,0.0,0.0,0.0,0.0,civil-comments-human-crowd-aggregate
civilcomments-eb60a765bc94d0993cc8,"He claims that he is not addicted to drugs or gambling. I guess that means that he is simply a thief. Disbar him, put him in jail and take the house that he stole from his clients - use that to pay them back some of their loss. Why would the Globe publish a story designed to make everybody feel sorry for this piece of garbage.",insult,1,0,0,0,1,0,0.76,0.0,0.04,0.02,0.72,0.0,civil-comments-human-crowd-aggregate
civilcomments-f0b24d875381376eb833,"And when the Republicans abandoned those whose plight they championed, the Northerncrats pulled them into their fold, while the Dixiecrats chose to join their Republican southern bretheren to form what is the current GOP. Perhaps YOU should read a little more history yourself. Mine goes back to 1684, Charlestown, VA. How far does yours go back? The democratic platform isn't ""status quo,"" and if you'd actually read it, you'd know that. In fact, it's the most forward progressive platform in the party's history, but if you want to keep believing it's the ""status quo,"" well, you deserve to not have anything change for you. And no, the political machine, as you call it, stole nothing from him. He came - as an independent, might I remind you - onto a democratic platform. Do you honestly think the home-town team would root for the visitors? Are you truly that delusional? And yes, with the exception of Obama, we are in trouble. That's why we're voting blue to get them out.",neutral,0,0,0,0,0,0,0.3,0.0,0.0,0.0,0.3,0.1,civil-comments-human-crowd-aggregate
civilcomments-9e8cfa0e4de0fb67b828,""" .... his leadership abilities are world class"". I'm sorry, but that's gotta be the craziest thing I've read today! His ""leadership"" skills are practically non existent, as is clearly evident by his history and actions. Wherever you're getting your definition of ""leadership"" it's certainly not from any rational source. Oh wait ... how stupid of me ... you're just repeating fake opinions .... Geez, for a minute there I thought you were serious!",neutral,0,0,0,0,0,0,0.45,0.016667,0.033333,0.0,0.45,0.016667,civil-comments-human-crowd-aggregate
civilcomments-2865a83ab461bafab579,"Further to your comment, what are the values that we supposedly have that are uniquely Canadian, as seemingly no else have them ?",neutral,0,0,0,0,0,0,0.0,0.0,0.0,0.0,0.0,0.0,civil-comments-human-crowd-aggregate
civilcomments-fbcd753e606791dcc0c0,"Just because the government doesn't understand the housing market and how their policies affect it, that doesn't mean they can't bring in new policies in order to make the claim that they are ""addressing the housing issue"". After all, the important thing is to create talking points for future elections, isn't it?",neutral,0,0,0,0,0,0,0.0,0.0,0.0,0.0,0.0,0.0,civil-comments-human-crowd-aggregate
civilcomments-459b90e966817e0ad7c9,"No,,that's wrong. We are in the Anthropenic Age, where human's past and future dependence on fossil fuels is causing unprecedented rapid warming and changing the planet's ecosystem profoundly and more rapidly than most our planet's species will be unable to adapt, including humans. That why global warming is so nefarious and down played by the deniers. Atmospeheric scientist and geologist in vast numbers don;t even mention the Wisconsioan age as past of today's equation.",neutral,0,0,0,0,0,0,0.0,0.0,0.0,0.0,0.0,0.0,civil-comments-human-crowd-aggregate
civilcomments-3c041c547e02b9b8d926,"What evidence do you have that Flynn negotiated anything? A senior member of the incoming administration had discussions with his counterparts from another country. That's perfectly acceptable, it happens all the time. Before he assumed office, Trump himself had numerous conversations with world leaders. Are you saying he was making negotiations when he did? It's normal, and desirable, for officials in an incoming administration to have contact with foreign countries. They're not negotiating on behalf of their country, they're reaching out to reassure and discuss.",neutral,0,0,0,0,0,0,0.090909,0.090909,0.0,0.090909,0.0,0.0,civil-comments-human-crowd-aggregate
civilcomments-49b74f041a454f904873,"Creative people are always seen as slick. That is envy. Of course, some creativity is deciding to deal with crooks. That’s Trump. Meetings held at the Republican National Convention are, by nature, political. Anyone who who met with the Russians there showed poor judgment, the kind that should lead to a resignation. With Sessions, let’s wait until his seat is filled first. For the very latest on corruption, see the New Yorker article on Trump in Azerbejan or Rachel Maddow’s treatment of it last night. It takes the scandal to a level where Trump needs to not only be impeached, but jailed for not just being stupid, by willingly violating the Foreign Corrupt Practices Act.",insult,1,0,0,0,1,0,0.7,0.0,0.1,0.3,0.7,0.1,civil-comments-human-crowd-aggregate
civilcomments-ffb3ff2757f3bb0507ad,"Have you read your comments to me and others over the past few months before talking about ""snippiness ans snottiness toward others""? And I am neither an ""Angry female or a angry priest""...You??",neutral,0,0,0,0,0,0,0.0,0.0,0.0,0.0,0.0,0.0,civil-comments-human-crowd-aggregate
civilcomments-bbe90d18a86ff2a8dd54,I've never even noticed this place... but that damn fish/garden store has been an eyesore for years. It should be bulldozed.,profanity,1,0,1,0,1,0,0.7,0.0,0.5,0.1,0.5,0.0,civil-comments-human-crowd-aggregate
civilcomments-f573699b2f88941cdf99,"More like 1/4 the size. (Revenue) Look it up, I did",neutral,0,0,0,0,0,0,0.166667,0.0,0.0,0.0,0.0,0.0,civil-comments-human-crowd-aggregate
civilcomments-81752122f7c401e701ed,"Personally, I would like to see humanity evolve beyond the need for ANY team sports, which are really just practice, and a proxy, for military conflict. That is why the military loves team sports --- to instill the proper collectivist, ""us. vs. them"" mentality --- and why you increasingly see militaristic displays of nationalism at all major sporting events (at least in the USA). The amount of time, energy and money wasted on professional team sports is mind-boggling, and a sad commentary on humanity.",neutral,0,0,0,0,0,0,0.0,0.0,0.0,0.0,0.0,0.0,civil-comments-human-crowd-aggregate
civilcomments-5d493b551e36d8a866f0,"Trudeau Liberals bet on infrastructure money with new bank as economy weakens +++ UH OH - this sounds strikingly just like his daddy, don't worry everybody, we'll just spend our way out of debt. This is the same guy who gave over 3 BILLION of hard earned Canadian tax dollars and assets away to 'international interests' in his first month of office; WOW!! Trudeau our proud pugilist, Talk about PUNCH DRUNK!",neutral,0,0,0,0,0,0,0.2,0.0,0.0,0.0,0.1,0.0,civil-comments-human-crowd-aggregate
civilcomments-d617803a40a323fe561f,Quite a few people having a bad day here today.,neutral,0,0,0,0,0,0,0.0,0.0,0.0,0.0,0.0,0.0,civil-comments-human-crowd-aggregate
civilcomments-00eeee332d882353dac2,"ALLAN ROSS, mosques burned by other Muslims or by non-Muslims?? killed by ?",identity,1,0,0,0,0,1,0.4,0.0,0.0,0.1,0.0,0.5,civil-comments-human-crowd-aggregate
civilcomments-e7038049c33adbfd70c8,"There you go again thos, giving us fake reporting. lol Yes the debt went up under Obama, he had to spend money, lots of it to clean up the messes left by your hero, G W Bush. From giving the country two recessions, with the second one the worst recession since the great depression to never ending war, your hero left just a few problems to be cleaned up. And yes it cost money, lots of it. to clean up the mess he left. Congratulations on blowing the deficit to hell. I am sure Putin was impressed.",neutral,0,0,0,0,0,0,0.0,0.0,0.0,0.0,0.0,0.0,civil-comments-human-crowd-aggregate
civilcomments-75c4cbb0bb18286ea4c8,"I'll try again: ""Islam made Mateen a killer the same way Christianity made Dear a killer. The one and only altar those men worshiped at was the altar of hate."" Truer words were never spoken. Now who could find that comment uncivil? Let's all guess......",identity,1,0,0,0,1,1,0.6,0.0,0.0,0.1,0.5,0.6,civil-comments-human-crowd-aggregate
civilcomments-d44607273a05ab3e014e,"If he can pass the test, Problem solved!",neutral,0,0,0,0,0,0,0.0,0.0,0.0,0.0,0.0,0.0,civil-comments-human-crowd-aggregate
civilcomments-ff083c6a881b1684822d,"Guns don't kill people, toy trucks kill people.",neutral,0,0,0,0,0,0,0.1,0.0,0.0,0.1,0.0,0.0,civil-comments-human-crowd-aggregate
civilcomments-ee3a89519e20ffdcab85,"Holy crap Gerson, write in Condi ""mushroom clouds"" Rice? She who ignored the warnings that a 9-11 style attack was imminent and did her damnedest to create the lies that terrorized the American people into supporting Bush's disaster of invading a sovereign nation based on yet more lies? You don't live in the real world anymore dude. Gotta say you have a good grasp on the totally unfit Trump but to suggest that a war monger like Rice would be a valid substitute is deranged thinking.",profanity,1,0,1,0,0,0,0.775,0.05,0.7125,0.0,0.4875,0.025,civil-comments-human-crowd-aggregate
civilcomments-80d20908383c7cc09f25,Disaster happened! Tough call on Team 8.,neutral,0,0,0,0,0,0,0.0,0.0,0.0,0.0,0.0,0.0,civil-comments-human-crowd-aggregate
civilcomments-c0c17fce841b95eddd5a,Waaaaaaa Waaaaaaaaa Do you like it with the Trumpelthinskins grabs your pussy? Is that what you're going to teach your daughter is OK? Or maybe your son did you teach your son that it's OK to grab the pussy just like the president of the United States Trumpelthinskin??? I USE ALL CAPS SO YOU CAN HEAR ME ABOVE ALL THE GOP NEO NAZI SPEECH!!!!!!,insult,1,1,1,0,1,0,0.939252,0.369159,0.836449,0.028037,0.761682,0.341121,civil-comments-human-crowd-aggregate
civilcomments-ee5b0c14f6bec2126748,One of many reasons that Hilary Clinton lost the election. Who is to say this was THE deciding factor or not? And Bill Clinton may have cost Al Gore the election back in 2000 by not doing the honorable thing of resigning the presidency after he lied to the American people about his dalliance with Monica Lewinsky. The country suffers when personal ambition supersedes making sacrifices for the good of the country. An all too common occurrence in many modern day politicians.,neutral,0,0,0,0,0,0,0.0,0.0,0.0,0.0,0.0,0.0,civil-comments-human-crowd-aggregate
civilcomments-5db7690f85db5625777b,Is it Canada's responsibility to protect Mexican criminals from other Mexican criminals?,identity,1,0,0,0,0,1,0.4,0.0,0.0,0.0,0.2,0.5,civil-comments-human-crowd-aggregate
civilcomments-b8d891dc819c62825d63,"Congratulations to the Wahine for a 21-win nonconference season. Congrats to Brittany Hitchcock and Nicole Lopez for being voted outstanding pitcher and MVP, respectively.",neutral,0,0,0,0,0,0,0.0,0.0,0.0,0.0,0.0,0.0,civil-comments-human-crowd-aggregate
civilcomments-e2eef6fd18463b18ec28,"OK, at first I was feeling bad for those that OD'd on this cr@p, but now it's getting down right stupid. Every news outlet, online, print, radio and TV has been reporting on how dangerous that stuff is. Sorry, but all my sympathy is used up.",insult,1,1,0,0,1,0,0.8,0.3,0.4,0.0,0.8,0.0,civil-comments-human-crowd-aggregate
civilcomments-cbbff14b1bd79268d166,Did he ask for halal poutine?,neutral,0,0,0,0,0,0,0.0,0.0,0.0,0.0,0.0,0.0,civil-comments-human-crowd-aggregate
civilcomments-d5ebdf178bb525792985,I expected that the Liberal Government would make a few mistakes but would mostly govern intelligently. This articles news of allowing China to dive into Canada's business and security is alarming. Why? What makes such openness necessary? The Liberal Government did this unilaterally and behind closed doors. How concerning.,neutral,0,0,0,0,0,0,0.0,0.0,0.0,0.0,0.0,0.0,civil-comments-human-crowd-aggregate
civilcomments-290bc0aa82f279ca78ae,The teenage enlisted soldiers of the Nazi 12th SS Division (Hitler Youth Division) in WWII were discovered to have been shooting Canadians POW. Canadian troops responded by shooting most captured members of the 12th SS. Lucky 12th SS POWs got away with an extremely severe beating.,neutral,0,0,0,0,0,0,0.0,0.0,0.0,0.166667,0.0,0.166667,civil-comments-human-crowd-aggregate
civilcomments-e562a441213ebbf3c925,"This has to be a false-flag operation. Cui bono? Why, it's the (add your favourite love-to-hate group here), of course! Hold on, I have to adjust my tinfoil antennae, I'm not getting a good read here - - - - that's better. Where was I? Oh yeah, it's (add your favourite love-to-hate group here). They just wanna stir it up so that they can continue to control and dominate the world. Never mind that I'm a pathetic pussy who needs a conspiracy theory to explain the complexities of world politics, it's just so much more self-edifying this way, and besides! I know about this stuff and sheeple like you don't! Of course I do! I finished high school, after all! A real self-esteem booster, given that I'm unemployable thanks to my personality disorder or that pesky developmental disorder/OCD/low self-esteem and all.",profanity,1,0,1,0,0,0,0.6,0.0,0.5,0.0,0.4,0.2,civil-comments-human-crowd-aggregate
civilcomments-38b7e37130b3af151ca5,"Sorry but the BLM movement is exactly the reason the Dallas cop killings happened. All the incorrect rheteric about white cops ""gunning down innocent blacks"" spewed from the BLM has done nothing but divide the country. This organization is racist as they only look at skin color and not the truth of the situation. White kills black that's all that matters, they show no regard for any other race killings no matter how unjustified.",identity,1,0,0,0,0,1,0.4,0.0,0.0,0.0,0.2,0.6,civil-comments-human-crowd-aggregate
civilcomments-08082704d7330c1731f7,I hope they bring in workplace equality..... Like how men now make up 96% of all workplace DEATHS! Women are very underrepresented in the world's most dangerous occupations. I hope they find time to protest this injustice...but I doubt they will. It's not as fashionable as insulting Trump.,neutral,0,0,0,0,0,0,0.0,0.0,0.0,0.0,0.0,0.0,civil-comments-human-crowd-aggregate
civilcomments-68718df3b7e73f7c283d,60 police offices were shot and killed by citizens in the USA in 2016. 955 citizens were shot and killed by police officers in the USA in 2016.,neutral,0,0,0,0,0,0,0.3,0.0,0.0,0.2,0.0,0.0,civil-comments-human-crowd-aggregate
civilcomments-2f0762946cc52a01cbb2,"Assuming that there was some reason to negotiate and sign the free trade agreement with the EU, I wonder why Canadian businesses are not focusing more on marketing their wares in Europe since trade with the US seems to be threatened. It's certainly wise to look at the alternatives if Trump does what he says he is going to do. Use the free trade agreements left to Canada's advantage.",neutral,0,0,0,0,0,0,0.166667,0.0,0.0,0.0,0.0,0.0,civil-comments-human-crowd-aggregate
civilcomments-2b6d39cb2a64f7749e3b,You bet. Send me a nude photo of you and then we can negotiate.,insult,1,0,0,0,0,0,0.6,0.0375,0.0625,0.0,0.075,0.0125,civil-comments-human-crowd-aggregate
civilcomments-a54f014f8c87a8ae46e4,"Dang folks, break out your happy lights or go for a walk!",insult,1,1,1,0,1,0,1.0,0.3,1.0,0.0,0.6,0.0,civil-comments-human-crowd-aggregate
civilcomments-d0f7d1281bb7d9672903,The Westboro church is the ISIS of Kansas. Time to shut down these religious terror groups.,insult,1,0,0,0,0,0,0.5,0.1,0.0,0.0,0.1,0.4,civil-comments-human-crowd-aggregate
civilcomments-24dc9bd5b4db3f882250,Did the arsonists have oddly shaped feet?,neutral,0,0,0,0,0,0,0.0,0.0,0.0,0.0,0.0,0.0,civil-comments-human-crowd-aggregate
civilcomments-cdfd793157d9ca44ac9d,"Yeah, I think I read that somewhere. It might have been here.",neutral,0,0,0,0,0,0,0.0,0.0,0.0,0.0,0.0,0.0,civil-comments-human-crowd-aggregate
civilcomments-d84e0ed70e4de49b935d,Duck under your school desk and kiss your ass goodbye! Making America Great Again! A return to the good ol days! Let's end welfare and food stamps next to pay for this nuclear program,profanity,1,0,1,0,0,0,0.783784,0.067568,0.648649,0.013514,0.445946,0.0,civil-comments-human-crowd-aggregate
civilcomments-f2b1a6b14a10010d0857,you don't need to pass a new law when there is nothing happening. With all the crap going on your going to waste time on a law about something no one has complained about? Where are we? Russia?,profanity,1,0,1,0,0,0,0.5,0.1,0.6,0.0,0.1,0.1,civil-comments-human-crowd-aggregate
civilcomments-bff46203757bf89fc317,It's all going to work out!,neutral,0,0,0,0,0,0,0.0,0.0,0.0,0.0,0.0,0.0,civil-comments-human-crowd-aggregate
civilcomments-aef526daf0f730bd82b4,"DB, Your comment is entirely irrelevant. Are you suggesting that she deserved to be assaulted? Being vulnerable to assault and deserving it are not the same thing.",neutral,0,0,0,0,0,0,0.0,0.0,0.0,0.0,0.0,0.0,civil-comments-human-crowd-aggregate
civilcomments-3cbd22f8aa3ffc2ba116,"Lee, I agree with most everything here except where you imply that being anti-gmo is anti-ag. It is not that those of us opposed to GMO agriculture are anti-agriculture; we just think GMO is not real agriculture and actually Frankenscience with us being the lab rats. GMO is scary and I don't want any in my food.",neutral,0,0,0,0,0,0,0.4,0.0,0.0,0.0,0.4,0.0,civil-comments-human-crowd-aggregate
civilcomments-e56fde54be3544cf3e8e,"As usual, Jenkins makes no sense. Polling showed Obama, at the time of the 2016 election, was far more popular than either candidate running. Further, elections showed race being an important factor as some blacks who made the effort to vote for Obama failed to do so for a non black. There were extremely few people that Trump could have defeated, and Obama was not one of them.",insult,1,0,0,0,0,0,0.5,0.1,0.0,0.0,0.2,0.4,civil-comments-human-crowd-aggregate
civilcomments-37e37794361b9adc5a55,Don! I should have known. What a miserable person you are. Icky. dumbthorpe too.,insult,1,0,0,0,1,0,0.742424,0.030303,0.106061,0.0,0.742424,0.0,civil-comments-human-crowd-aggregate
civilcomments-03398afe20af04846584,"Well by the way you talk you must be one of them Lars. Victim mentality for Alaskan women huh??? You really have no idea what's going on around you do you , Alaska has the highest rate of domestic violence against women and rape against women per capita in the country you guys are a cesspool.",neutral,0,0,0,0,0,0,0.396825,0.015873,0.015873,0.0,0.349206,0.222222,civil-comments-human-crowd-aggregate
civilcomments-1b145548419d8105250c,I am not sure why the man was arrested. I thought the rivers were public. Criminal trespass?,neutral,0,0,0,0,0,0,0.0,0.0,0.0,0.0,0.0,0.0,civil-comments-human-crowd-aggregate
civilcomments-8dd091755ae97da6f450,"Trying again. I'm not aware of any risk to the property tax exemption in this repeal effort as the exemption has been blessed by the Supreme Court. Also, my understanding is that only de minimus political contributions by churches would be tax-exempt (??). In my earlier comment, I meant that after the repeal of the Johnson Amendment, the wise preacher still would not endorse a political candidate and risk antagonizing the flock. You do realize that 100 percent of everything you hear in a sermon is opinion, don't you? And wouldn't it be nice if indeed there were more dialog between priest and parish, and bishops actually listened to their sheep?",neutral,0,0,0,0,0,0,0.0,0.0,0.0,0.0,0.0,0.0,civil-comments-human-crowd-aggregate
civilcomments-f367dc642efd2cfc25f0,"I fully agree with the need for to identify the stakeholders. I presume that in the second group of stakeholders you included the father as well. Stakeholders' rights, absolute or not, is an interesting point/question. And I think this is where it becomes tricky. Is right to life an absolute right? And, even if it is, can it be always guaranteed? After all we all die. But. of course, dying and being forced to die, are very different things. Is there a difference between an inconvenienced life and a taken life? The issue of viability is also complicated. Viability by legal or biological standards? The fetus is perfectly viable within the womb, and except for a tragic event, it is bound to live, on average, for 70-80 years. I just read an article today, about ""great strides"" being made to create an artificial womb for animal reproduction. Scary stuff, but it forces us to think outside the box, especially ion terms of viability. Interesting stuff.",neutral,0,0,0,0,0,0,0.0,0.0,0.0,0.0,0.0,0.0,civil-comments-human-crowd-aggregate
civilcomments-b7d25b8be28996fa5270,"I think the foundation business was sleazy. But that money didn't go into funding the campaign. Rather, the release of that info harmed her campaign.",neutral,0,0,0,0,0,0,0.2,0.2,0.0,0.0,0.0,0.0,civil-comments-human-crowd-aggregate
civilcomments-7613d2c5bb2d12ab5200,"Yes..""glass roses"" can be used as meth pipes, and ""glass pens"" can be used as crack pipes..but they require two very significant things to make them drug paraphernalia: 1. Drugs. And, 2. Intention. Also, they are not advertised or sold as ""drug pipes"", and are usually kept behind or under the counter, and out of sight. What more do you want? Don't buy one, and get the fuck over it (and yourself while you're at it).",profanity,1,0,1,0,0,0,0.5,0.0,0.5,0.0,0.3,0.0,civil-comments-human-crowd-aggregate
civilcomments-cd24a90ee680f358f715,"How many times does it have to be repeated; There have been no meaningful cuts in this budget. Sleight of hand tricks, moving small piles of money back & forth between agencies, are not cuts. Pressing the 'pause' button on major boondoggles like the Ambler & Juneau Mine Road doesn't count either. Both projects are still simmering on the back burner. Making minor reductions in the 'travel budget' is a fly-speck on the onrushing windshield of the financial Semi bearing down on us. Plugging the gaping sinkhole of SB21 & Oil Tax Credits should not be done by pouring the Permanent Fund into it. The Three-Oil Circus of the Damned, with the Corrupt Bastards Club in the center ring, needs to be shut down! In 30 minutes, with information I gleaned only from ADN articles concerning the AK budget, I was able to cut 400 MILLION DOLLARS in expenses. If the clowns in Juneau can't even find THAT much with access to Everything, they need to be thrown out of office! NO on the Permanent Fund Raid!",insult,1,0,0,0,0,0,0.5,0.0,0.2,0.1,0.4,0.0,civil-comments-human-crowd-aggregate
